ID,Brand,Model,Google Images
"boss-mt2-metal-zone","Boss","MT-2 Metal Zone","https://www.google.com/search?tbm=isch&q=Boss%20MT-2%20Metal%20Zone%20pedal"
"boss-mt2w-waza","Boss","MT-2W Waza Craft Metal Zone","https://www.google.com/search?tbm=isch&q=Boss%20MT-2W%20Waza%20Craft%20Metal%20Zone%20pedal"
"revv-g4","Revv","G4 Distortion","https://www.google.com/search?tbm=isch&q=Revv%20G4%20Distortion%20pedal"
"revv-g3","Revv","G3 Distortion","https://www.google.com/search?tbm=isch&q=Revv%20G3%20Distortion%20pedal"
"friedman-be-od","Friedman","BE-OD","https://www.google.com/search?tbm=isch&q=Friedman%20BE-OD%20pedal"
"friedman-be-od-deluxe","Friedman","BE-OD Deluxe","https://www.google.com/search?tbm=isch&q=Friedman%20BE-OD%20Deluxe%20pedal"
"friedman-dirty-shirley","Friedman","Dirty Shirley","https://www.google.com/search?tbm=isch&q=Friedman%20Dirty%20Shirley%20pedal"
"suhr-riot","Suhr","Riot Distortion","https://www.google.com/search?tbm=isch&q=Suhr%20Riot%20Distortion%20pedal"
"diezel-vh4","Diezel","VH4 Pedal","https://www.google.com/search?tbm=isch&q=Diezel%20VH4%20Pedal%20pedal"
"5150-overdrive","MXR","EVH 5150 Overdrive","https://www.google.com/search?tbm=isch&q=MXR%20EVH%205150%20Overdrive%20pedal"
"amptweaker-tight-metal","Amptweaker","TightMetal Pro II","https://www.google.com/search?tbm=isch&q=Amptweaker%20TightMetal%20Pro%20II%20pedal"
"mesa-flux-five","Mesa Boogie","Flux-Five Overdrive","https://www.google.com/search?tbm=isch&q=Mesa%20Boogie%20Flux-Five%20Overdrive%20pedal"
"earthquaker-hoof","EarthQuaker Devices","Hoof Fuzz V2","https://www.google.com/search?tbm=isch&q=EarthQuaker%20Devices%20Hoof%20Fuzz%20V2%20pedal"
"earthquaker-hoof-reaper","EarthQuaker Devices","Hoof Reaper V2","https://www.google.com/search?tbm=isch&q=EarthQuaker%20Devices%20Hoof%20Reaper%20V2%20pedal"
"earthquaker-terminal","EarthQuaker Devices","Terminal Fuzz V2","https://www.google.com/search?tbm=isch&q=EarthQuaker%20Devices%20Terminal%20Fuzz%20V2%20pedal"
"caroline-shigeharu","Caroline Guitar Company","Shigeharu","https://www.google.com/search?tbm=isch&q=Caroline%20Guitar%20Company%20Shigeharu%20pedal"
"death-by-audio-fuzz-war","Death By Audio","Fuzz War","https://www.google.com/search?tbm=isch&q=Death%20By%20Audio%20Fuzz%20War%20pedal"
"death-by-audio-supersonic","Death By Audio","Supersonic Fuzz Gun","https://www.google.com/search?tbm=isch&q=Death%20By%20Audio%20Supersonic%20Fuzz%20Gun%20pedal"
"walrus-jupiter","Walrus Audio","Jupiter V2","https://www.google.com/search?tbm=isch&q=Walrus%20Audio%20Jupiter%20V2%20pedal"
"wren-and-cuff-tall-font","Wren and Cuff","Tall Font Russian","https://www.google.com/search?tbm=isch&q=Wren%20and%20Cuff%20Tall%20Font%20Russian%20pedal"
"black-arts-pharaoh","Black Arts Toneworks","Pharaoh","https://www.google.com/search?tbm=isch&q=Black%20Arts%20Toneworks%20Pharaoh%20pedal"
"boss-ce2w-chorus","Boss","CE-2W Waza Craft Chorus","https://www.google.com/search?tbm=isch&q=Boss%20CE-2W%20Waza%20Craft%20Chorus%20pedal"
"strymon-mobius","Strymon","Mobius","https://www.google.com/search?tbm=isch&q=Strymon%20Mobius%20pedal"
"chase-bliss-thermae","Chase Bliss","Thermae","https://www.google.com/search?tbm=isch&q=Chase%20Bliss%20Thermae%20pedal"
"meris-ottobit","Meris","Ottobit Jr.","https://www.google.com/search?tbm=isch&q=Meris%20Ottobit%20Jr.%20pedal"
"walrus-julia","Walrus Audio","Julia V2","https://www.google.com/search?tbm=isch&q=Walrus%20Audio%20Julia%20V2%20pedal"
"walrus-lillian","Walrus Audio","Lillian Multi-Stage Analog Phaser","https://www.google.com/search?tbm=isch&q=Walrus%20Audio%20Lillian%20Multi-Stage%20Analog%20Phaser%20pedal"
"ehx-neo-clone","Electro-Harmonix","Neo Clone","https://www.google.com/search?tbm=isch&q=Electro-Harmonix%20Neo%20Clone%20pedal"
"strymon-dig","Strymon","Dig","https://www.google.com/search?tbm=isch&q=Strymon%20Dig%20pedal"
"eventide-timefactor","Eventide","TimeFactor","https://www.google.com/search?tbm=isch&q=Eventide%20TimeFactor%20pedal"
"boss-dm2w-delay","Boss","DM-2W Waza Craft Delay","https://www.google.com/search?tbm=isch&q=Boss%20DM-2W%20Waza%20Craft%20Delay%20pedal"
"walrus-d1-delay","Walrus Audio","D1 V2","https://www.google.com/search?tbm=isch&q=Walrus%20Audio%20D1%20V2%20pedal"
"meris-polymoon","Meris","Polymoon","https://www.google.com/search?tbm=isch&q=Meris%20Polymoon%20pedal"
"caroline-megabyte","Caroline Guitar Company","Megabyte","https://www.google.com/search?tbm=isch&q=Caroline%20Guitar%20Company%20Megabyte%20pedal"
"meris-mercury7","Meris","Mercury7","https://www.google.com/search?tbm=isch&q=Meris%20Mercury7%20pedal"
"eventide-space","Eventide","Space","https://www.google.com/search?tbm=isch&q=Eventide%20Space%20pedal"
"walrus-slo","Walrus Audio","Slö","https://www.google.com/search?tbm=isch&q=Walrus%20Audio%20Sl%C3%B6%20pedal"
"walrus-fathom","Walrus Audio","Fathom","https://www.google.com/search?tbm=isch&q=Walrus%20Audio%20Fathom%20pedal"
"ehx-cathedral","Electro-Harmonix","Cathedral Stereo Reverb","https://www.google.com/search?tbm=isch&q=Electro-Harmonix%20Cathedral%20Stereo%20Reverb%20pedal"
"neunaber-immerse","Neunaber","Immerse Mk II","https://www.google.com/search?tbm=isch&q=Neunaber%20Immerse%20Mk%20II%20pedal"
"digitech-whammy-5","DigiTech","Whammy 5","https://www.google.com/search?tbm=isch&q=DigiTech%20Whammy%205%20pedal"
"digitech-drop","DigiTech","Drop","https://www.google.com/search?tbm=isch&q=DigiTech%20Drop%20pedal"
"tc-brainwaves","TC Electronic","Brainwaves","https://www.google.com/search?tbm=isch&q=TC%20Electronic%20Brainwaves%20pedal"
"ehx-pitch-fork","Electro-Harmonix","Pitch Fork","https://www.google.com/search?tbm=isch&q=Electro-Harmonix%20Pitch%20Fork%20pedal"
"keeley-compressor-plus","Keeley","Compressor Plus","https://www.google.com/search?tbm=isch&q=Keeley%20Compressor%20Plus%20pedal"
"diamond-compressor","Diamond","Compressor","https://www.google.com/search?tbm=isch&q=Diamond%20Compressor%20pedal"
"cali76-compressor","Origin Effects","Cali76 Compact Deluxe","https://www.google.com/search?tbm=isch&q=Origin%20Effects%20Cali76%20Compact%20Deluxe%20pedal"
"empress-compressor","Empress Effects","Compressor MKII","https://www.google.com/search?tbm=isch&q=Empress%20Effects%20Compressor%20MKII%20pedal"
"boss-cs3-compressor","Boss","CS-3 Compression Sustainer","https://www.google.com/search?tbm=isch&q=Boss%20CS-3%20Compression%20Sustainer%20pedal"
"tc-polytune-3-noir","TC Electronic","PolyTune 3 Noir","https://www.google.com/search?tbm=isch&q=TC%20Electronic%20PolyTune%203%20Noir%20pedal"
"tc-polytune-3-mini-noir","TC Electronic","PolyTune 3 Mini Noir","https://www.google.com/search?tbm=isch&q=TC%20Electronic%20PolyTune%203%20Mini%20Noir%20pedal"
"korg-pitchblack-advance","Korg","Pitchblack Advance","https://www.google.com/search?tbm=isch&q=Korg%20Pitchblack%20Advance%20pedal"
"strobostomp-hd","Peterson","StroboStomp HD","https://www.google.com/search?tbm=isch&q=Peterson%20StroboStomp%20HD%20pedal"
"strymon-iridium","Strymon","Iridium","https://www.google.com/search?tbm=isch&q=Strymon%20Iridium%20pedal"
"ua-dream-65","Universal Audio","Dream \","https://www.google.com/search?tbm=isch&q=Universal%20Audio%20Dream%20%5C%20pedal"
"ua-ruby-63","Universal Audio","Ruby \","https://www.google.com/search?tbm=isch&q=Universal%20Audio%20Ruby%20%5C%20pedal"
"ua-woodrow-55","Universal Audio","Woodrow \","https://www.google.com/search?tbm=isch&q=Universal%20Audio%20Woodrow%20%5C%20pedal"
"boss-ir200","Boss","IR-200","https://www.google.com/search?tbm=isch&q=Boss%20IR-200%20pedal"
"line6-hx-stomp","Line 6","HX Stomp","https://www.google.com/search?tbm=isch&q=Line%206%20HX%20Stomp%20pedal"
"line6-hx-stomp-xl","Line 6","HX Stomp XL","https://www.google.com/search?tbm=isch&q=Line%206%20HX%20Stomp%20XL%20pedal"
"walrus-acs1","Walrus Audio","ACS1","https://www.google.com/search?tbm=isch&q=Walrus%20Audio%20ACS1%20pedal"
"tech21-sansamp-classic","Tech 21","SansAmp Classic","https://www.google.com/search?tbm=isch&q=Tech%2021%20SansAmp%20Classic%20pedal"
"tech21-fly-rig-5","Tech 21","Fly Rig 5","https://www.google.com/search?tbm=isch&q=Tech%2021%20Fly%20Rig%205%20pedal"
"two-notes-cab-m-plus","Two Notes","Cab M+","https://www.google.com/search?tbm=isch&q=Two%20Notes%20Cab%20M%2B%20pedal"
"mooer-radar","Mooer","Radar","https://www.google.com/search?tbm=isch&q=Mooer%20Radar%20pedal"
"nux-solid-studio","NUX","Solid Studio","https://www.google.com/search?tbm=isch&q=NUX%20Solid%20Studio%20pedal"
"hotone-omni-ac","Hotone","Omni AC","https://www.google.com/search?tbm=isch&q=Hotone%20Omni%20AC%20pedal"
"boss-ac3","Boss","AC-3 Acoustic Simulator","https://www.google.com/search?tbm=isch&q=Boss%20AC-3%20Acoustic%20Simulator%20pedal"
"neunaber-iconoclast","Neunaber","Iconoclast","https://www.google.com/search?tbm=isch&q=Neunaber%20Iconoclast%20pedal"
"dsm-simplifier","DSM & Humboldt","Simplifier","https://www.google.com/search?tbm=isch&q=DSM%20%26%20Humboldt%20Simplifier%20pedal"
"dsm-simplifier-dlx","DSM & Humboldt","Simplifier DLX","https://www.google.com/search?tbm=isch&q=DSM%20%26%20Humboldt%20Simplifier%20DLX%20pedal"
"strymon-timeline","Strymon","Timeline","https://www.google.com/search?tbm=isch&q=Strymon%20Timeline%20pedal"
"empress-echosystem","Empress","Echosystem","https://www.google.com/search?tbm=isch&q=Empress%20Echosystem%20pedal"
"eventide-h9-max","Eventide","H9 Max","https://www.google.com/search?tbm=isch&q=Eventide%20H9%20Max%20pedal"
"source-audio-nemesis","Source Audio","Nemesis","https://www.google.com/search?tbm=isch&q=Source%20Audio%20Nemesis%20pedal"
"chase-bliss-tonal-recall","Chase Bliss","Tonal Recall","https://www.google.com/search?tbm=isch&q=Chase%20Bliss%20Tonal%20Recall%20pedal"
"gfi-specular-tempus-delay","GFI System","Specular Tempus","https://www.google.com/search?tbm=isch&q=GFI%20System%20Specular%20Tempus%20pedal"
"walrus-d1","Walrus Audio","D1 V2","https://www.google.com/search?tbm=isch&q=Walrus%20Audio%20D1%20V2%20pedal"
"walrus-arp87","Walrus Audio","ARP-87","https://www.google.com/search?tbm=isch&q=Walrus%20Audio%20ARP-87%20pedal"
"earthquaker-avalanche-run-v2","EarthQuaker Devices","Avalanche Run V2","https://www.google.com/search?tbm=isch&q=EarthQuaker%20Devices%20Avalanche%20Run%20V2%20pedal"
"earthquaker-space-spiral","EarthQuaker Devices","Space Spiral","https://www.google.com/search?tbm=isch&q=EarthQuaker%20Devices%20Space%20Spiral%20pedal"
"earthquaker-pyramids","EarthQuaker Devices","Pyramids","https://www.google.com/search?tbm=isch&q=EarthQuaker%20Devices%20Pyramids%20pedal"
"keeley-eccos","Keeley","ECCOS","https://www.google.com/search?tbm=isch&q=Keeley%20ECCOS%20pedal"
"keeley-delay-workstation","Keeley","Delay Workstation","https://www.google.com/search?tbm=isch&q=Keeley%20Delay%20Workstation%20pedal"
"old-blood-visitor","Old Blood Noise","Visitor","https://www.google.com/search?tbm=isch&q=Old%20Blood%20Noise%20Visitor%20pedal"
"old-blood-black-fountain","Old Blood Noise","Black Fountain V3","https://www.google.com/search?tbm=isch&q=Old%20Blood%20Noise%20Black%20Fountain%20V3%20pedal"
"death-by-audio-echo-master","Death By Audio","Echo Master","https://www.google.com/search?tbm=isch&q=Death%20By%20Audio%20Echo%20Master%20pedal"
"dba-reverberation-machine","Death By Audio","Reverberation Machine","https://www.google.com/search?tbm=isch&q=Death%20By%20Audio%20Reverberation%20Machine%20pedal"
"red-panda-particle-2","Red Panda","Particle 2","https://www.google.com/search?tbm=isch&q=Red%20Panda%20Particle%202%20pedal"
"red-panda-raster-2","Red Panda","Raster 2","https://www.google.com/search?tbm=isch&q=Red%20Panda%20Raster%202%20pedal"
"cooper-fx-generation-loss-mkii","Cooper FX","Generation Loss MKII","https://www.google.com/search?tbm=isch&q=Cooper%20FX%20Generation%20Loss%20MKII%20pedal"
"alexander-history-lesson-v3","Alexander","History Lesson V3","https://www.google.com/search?tbm=isch&q=Alexander%20History%20Lesson%20V3%20pedal"
"jhs-panther-cub-v2","JHS","Panther Cub V2","https://www.google.com/search?tbm=isch&q=JHS%20Panther%20Cub%20V2%20pedal"
"jhs-milkman","JHS","Milkman","https://www.google.com/search?tbm=isch&q=JHS%20Milkman%20pedal"
"jhs-3-series-delay","JHS","3 Series Delay","https://www.google.com/search?tbm=isch&q=JHS%203%20Series%20Delay%20pedal"
"malekko-ekko-616","Malekko","Ekko 616","https://www.google.com/search?tbm=isch&q=Malekko%20Ekko%20616%20pedal"
"fairfield-meet-maude","Fairfield Circuitry","Meet Maude","https://www.google.com/search?tbm=isch&q=Fairfield%20Circuitry%20Meet%20Maude%20pedal"
"mxr-carbon-copy","MXR","Carbon Copy","https://www.google.com/search?tbm=isch&q=MXR%20Carbon%20Copy%20pedal"
"mxr-carbon-copy-bright","MXR","Carbon Copy Bright","https://www.google.com/search?tbm=isch&q=MXR%20Carbon%20Copy%20Bright%20pedal"
"mxr-carbon-copy-mini","MXR","Carbon Copy Mini","https://www.google.com/search?tbm=isch&q=MXR%20Carbon%20Copy%20Mini%20pedal"
"mxr-carbon-copy-deluxe","MXR","Carbon Copy Deluxe","https://www.google.com/search?tbm=isch&q=MXR%20Carbon%20Copy%20Deluxe%20pedal"
"boss-dm2w","Boss","DM-2W Waza","https://www.google.com/search?tbm=isch&q=Boss%20DM-2W%20Waza%20pedal"
"ehx-memory-man-deluxe","Electro-Harmonix","Deluxe Memory Man","https://www.google.com/search?tbm=isch&q=Electro-Harmonix%20Deluxe%20Memory%20Man%20pedal"
"ehx-memory-man-550tt","Electro-Harmonix","Deluxe Memory Man 550-TT","https://www.google.com/search?tbm=isch&q=Electro-Harmonix%20Deluxe%20Memory%20Man%20550-TT%20pedal"
"ehx-memory-toy","Electro-Harmonix","Memory Toy","https://www.google.com/search?tbm=isch&q=Electro-Harmonix%20Memory%20Toy%20pedal"
"ehx-canyon","Electro-Harmonix","Canyon","https://www.google.com/search?tbm=isch&q=Electro-Harmonix%20Canyon%20pedal"
"way-huge-aqua-puss","Way Huge","Aqua-Puss","https://www.google.com/search?tbm=isch&q=Way%20Huge%20Aqua-Puss%20pedal"
"way-huge-supa-puss","Way Huge","Supa-Puss","https://www.google.com/search?tbm=isch&q=Way%20Huge%20Supa-Puss%20pedal"
"tc-echobrain","TC Electronic","EchoBrain","https://www.google.com/search?tbm=isch&q=TC%20Electronic%20EchoBrain%20pedal"
"ibanez-ad9","Ibanez","AD9 Analog Delay","https://www.google.com/search?tbm=isch&q=Ibanez%20AD9%20Analog%20Delay%20pedal"
"ibanez-admini","Ibanez","AD Mini","https://www.google.com/search?tbm=isch&q=Ibanez%20AD%20Mini%20pedal"
"maxon-ad999","Maxon","AD999 Analog Delay","https://www.google.com/search?tbm=isch&q=Maxon%20AD999%20Analog%20Delay%20pedal"
"strymon-el-capistan","Strymon","El Capistan","https://www.google.com/search?tbm=isch&q=Strymon%20El%20Capistan%20pedal"
"strymon-volante","Strymon","Volante","https://www.google.com/search?tbm=isch&q=Strymon%20Volante%20pedal"
"catalinbread-belle-epoch","Catalinbread","Belle Epoch","https://www.google.com/search?tbm=isch&q=Catalinbread%20Belle%20Epoch%20pedal"
"catalinbread-belle-epoch-deluxe","Catalinbread","Belle Epoch Deluxe","https://www.google.com/search?tbm=isch&q=Catalinbread%20Belle%20Epoch%20Deluxe%20pedal"
"mxr-echoplex-delay","MXR","EP103 Echoplex Delay","https://www.google.com/search?tbm=isch&q=MXR%20EP103%20Echoplex%20Delay%20pedal"
"tc-alter-ego-2","TC Electronic","Alter Ego 2","https://www.google.com/search?tbm=isch&q=TC%20Electronic%20Alter%20Ego%202%20pedal"
"fulltone-tt2","Fulltone","Tube Tape Echo TTE","https://www.google.com/search?tbm=isch&q=Fulltone%20Tube%20Tape%20Echo%20TTE%20pedal"
"universal-audio-starlight","Universal Audio","Starlight Echo Station","https://www.google.com/search?tbm=isch&q=Universal%20Audio%20Starlight%20Echo%20Station%20pedal"
"wampler-faux-tape-echo-v2","Wampler","Faux Tape Echo V2","https://www.google.com/search?tbm=isch&q=Wampler%20Faux%20Tape%20Echo%20V2%20pedal"
"keeley-mag-echo","Keeley","Mag Echo","https://www.google.com/search?tbm=isch&q=Keeley%20Mag%20Echo%20pedal"
"danelectro-reel-echo","Danelectro","Reel Echo","https://www.google.com/search?tbm=isch&q=Danelectro%20Reel%20Echo%20pedal"
"seymour-duncan-vapor-trail","Seymour Duncan","Vapor Trail","https://www.google.com/search?tbm=isch&q=Seymour%20Duncan%20Vapor%20Trail%20pedal"
"earthquaker-disaster-transport-sr","EarthQuaker Devices","Disaster Transport Sr.","https://www.google.com/search?tbm=isch&q=EarthQuaker%20Devices%20Disaster%20Transport%20Sr.%20pedal"
"ehx-deluxe-memory-boy","Electro-Harmonix","Deluxe Memory Boy","https://www.google.com/search?tbm=isch&q=Electro-Harmonix%20Deluxe%20Memory%20Boy%20pedal"
"ehx-memory-boy","Electro-Harmonix","Memory Boy","https://www.google.com/search?tbm=isch&q=Electro-Harmonix%20Memory%20Boy%20pedal"
"boss-dd3","Boss","DD-3","https://www.google.com/search?tbm=isch&q=Boss%20DD-3%20pedal"
"boss-dd5","Boss","DD-5","https://www.google.com/search?tbm=isch&q=Boss%20DD-5%20pedal"
"boss-dd6","Boss","DD-6","https://www.google.com/search?tbm=isch&q=Boss%20DD-6%20pedal"
"boss-dd7","Boss","DD-7","https://www.google.com/search?tbm=isch&q=Boss%20DD-7%20pedal"
"boss-dd8","Boss","DD-8","https://www.google.com/search?tbm=isch&q=Boss%20DD-8%20pedal"
"boss-dd200","Boss","DD-200","https://www.google.com/search?tbm=isch&q=Boss%20DD-200%20pedal"
"boss-dd500","Boss","DD-500","https://www.google.com/search?tbm=isch&q=Boss%20DD-500%20pedal"
"tc-flashback-2","TC Electronic","Flashback 2","https://www.google.com/search?tbm=isch&q=TC%20Electronic%20Flashback%202%20pedal"
"tc-flashback-mini","TC Electronic","Flashback Mini","https://www.google.com/search?tbm=isch&q=TC%20Electronic%20Flashback%20Mini%20pedal"
"tc-flashback-x4","TC Electronic","Flashback X4","https://www.google.com/search?tbm=isch&q=TC%20Electronic%20Flashback%20X4%20pedal"
"line6-dl4-mkii","Line 6","DL4 MkII","https://www.google.com/search?tbm=isch&q=Line%206%20DL4%20MkII%20pedal"
"digitech-timebender","DigiTech","TimeBender","https://www.google.com/search?tbm=isch&q=DigiTech%20TimeBender%20pedal"
"digitech-obscura","DigiTech","Obscura","https://www.google.com/search?tbm=isch&q=DigiTech%20Obscura%20pedal"
"mooer-d7","Mooer","D7 Delay","https://www.google.com/search?tbm=isch&q=Mooer%20D7%20Delay%20pedal"
"joyo-d-seed","Joyo","D-Seed Dual Channel Delay","https://www.google.com/search?tbm=isch&q=Joyo%20D-Seed%20Dual%20Channel%20Delay%20pedal"
"joyo-aquarius","Joyo","Aquarius Delay + Looper","https://www.google.com/search?tbm=isch&q=Joyo%20Aquarius%20Delay%20%2B%20Looper%20pedal"
"nux-time-core-deluxe","NUX","Time Core Deluxe","https://www.google.com/search?tbm=isch&q=NUX%20Time%20Core%20Deluxe%20pedal"
"donner-yellow-fall","Donner","Yellow Fall","https://www.google.com/search?tbm=isch&q=Donner%20Yellow%20Fall%20pedal"
"zoom-ms70cdr-delay","Zoom","MS-70CDR","https://www.google.com/search?tbm=isch&q=Zoom%20MS-70CDR%20pedal"
"behringer-vd400","Behringer","VD400 Vintage Delay","https://www.google.com/search?tbm=isch&q=Behringer%20VD400%20Vintage%20Delay%20pedal"
"keeley-compressor-mini","Keeley","Compressor Mini","https://www.google.com/search?tbm=isch&q=Keeley%20Compressor%20Mini%20pedal"
"walrus-deep-six-v3","Walrus Audio","Deep Six V3","https://www.google.com/search?tbm=isch&q=Walrus%20Audio%20Deep%20Six%20V3%20pedal"
"wampler-ego-compressor","Wampler","Ego Compressor","https://www.google.com/search?tbm=isch&q=Wampler%20Ego%20Compressor%20pedal"
"wampler-mini-ego","Wampler","Mini Ego","https://www.google.com/search?tbm=isch&q=Wampler%20Mini%20Ego%20pedal"
"origin-cali76-compact-deluxe","Origin Effects","Cali76 Compact Deluxe","https://www.google.com/search?tbm=isch&q=Origin%20Effects%20Cali76%20Compact%20Deluxe%20pedal"
"origin-cali76-stacked","Origin Effects","Cali76 Stacked Edition","https://www.google.com/search?tbm=isch&q=Origin%20Effects%20Cali76%20Stacked%20Edition%20pedal"
"empress-compressor-mkii","Empress","Compressor MKII","https://www.google.com/search?tbm=isch&q=Empress%20Compressor%20MKII%20pedal"
"universal-audio-la2a","Universal Audio","LA-2A","https://www.google.com/search?tbm=isch&q=Universal%20Audio%20LA-2A%20pedal"
"effectrode-pc-2a","Effectrode","PC-2A","https://www.google.com/search?tbm=isch&q=Effectrode%20PC-2A%20pedal"
"mxr-dynacomp","MXR","Dyna Comp","https://www.google.com/search?tbm=isch&q=MXR%20Dyna%20Comp%20pedal"
"mxr-dynacomp-deluxe","MXR","Dyna Comp Deluxe","https://www.google.com/search?tbm=isch&q=MXR%20Dyna%20Comp%20Deluxe%20pedal"
"boss-cs3","Boss","CS-3","https://www.google.com/search?tbm=isch&q=Boss%20CS-3%20pedal"
"boss-cp1x","Boss","CP-1X","https://www.google.com/search?tbm=isch&q=Boss%20CP-1X%20pedal"
"analogman-bicomp","Analog Man","Bi-Comp","https://www.google.com/search?tbm=isch&q=Analog%20Man%20Bi-Comp%20pedal"
"xotic-sp-comp","Xotic","SP Compressor","https://www.google.com/search?tbm=isch&q=Xotic%20SP%20Compressor%20pedal"
"jhs-whitey-tighty","JHS","Whitey Tighty","https://www.google.com/search?tbm=isch&q=JHS%20Whitey%20Tighty%20pedal"
"jhs-pulp-n-peel-v4","JHS","Pulp \","https://www.google.com/search?tbm=isch&q=JHS%20Pulp%20%5C%20pedal"
"tc-hypergravity","TC Electronic","HyperGravity","https://www.google.com/search?tbm=isch&q=TC%20Electronic%20HyperGravity%20pedal"
"tc-hypergravity-mini","TC Electronic","HyperGravity Mini","https://www.google.com/search?tbm=isch&q=TC%20Electronic%20HyperGravity%20Mini%20pedal"
"ehx-soul-preacher","Electro-Harmonix","Soul Preacher","https://www.google.com/search?tbm=isch&q=Electro-Harmonix%20Soul%20Preacher%20pedal"
"earthquaker-warden-v2","EarthQuaker Devices","Warden V2","https://www.google.com/search?tbm=isch&q=EarthQuaker%20Devices%20Warden%20V2%20pedal"
"mooer-yellow-comp","Mooer","Yellow Comp","https://www.google.com/search?tbm=isch&q=Mooer%20Yellow%20Comp%20pedal"
"donner-ultimate-comp","Donner","Ultimate Comp","https://www.google.com/search?tbm=isch&q=Donner%20Ultimate%20Comp%20pedal"
"caline-snake-bite","Caline","Snake Bite","https://www.google.com/search?tbm=isch&q=Caline%20Snake%20Bite%20pedal"
"joyo-dyna-compressor","Joyo","JF-10 Dyna Compressor","https://www.google.com/search?tbm=isch&q=Joyo%20JF-10%20Dyna%20Compressor%20pedal"
"source-audio-atlas","Source Audio","Atlas","https://www.google.com/search?tbm=isch&q=Source%20Audio%20Atlas%20pedal"
"boss-ns2","Boss","NS-2 Noise Suppressor","https://www.google.com/search?tbm=isch&q=Boss%20NS-2%20Noise%20Suppressor%20pedal"
"isp-decimator-ii","ISP","Decimator II","https://www.google.com/search?tbm=isch&q=ISP%20Decimator%20II%20pedal"
"isp-decimator-g-string-ii","ISP","Decimator II G String","https://www.google.com/search?tbm=isch&q=ISP%20Decimator%20II%20G%20String%20pedal"
"fortin-zuul","Fortin","Zuul+","https://www.google.com/search?tbm=isch&q=Fortin%20Zuul%2B%20pedal"
"ehx-silencer","Electro-Harmonix","Silencer","https://www.google.com/search?tbm=isch&q=Electro-Harmonix%20Silencer%20pedal"
"tc-sentry","TC Electronic","Sentry Noise Gate","https://www.google.com/search?tbm=isch&q=TC%20Electronic%20Sentry%20Noise%20Gate%20pedal"
"mxr-smart-gate","MXR","Smart Gate","https://www.google.com/search?tbm=isch&q=MXR%20Smart%20Gate%20pedal"
"donner-noise-killer","Donner","Noise Killer","https://www.google.com/search?tbm=isch&q=Donner%20Noise%20Killer%20pedal"
"mooer-noise-killer","Mooer","Noise Killer","https://www.google.com/search?tbm=isch&q=Mooer%20Noise%20Killer%20pedal"
"revv-g8","Revv","G8 Noise Gate","https://www.google.com/search?tbm=isch&q=Revv%20G8%20Noise%20Gate%20pedal"
"fender-noise-gate","Fender","Noise Gate","https://www.google.com/search?tbm=isch&q=Fender%20Noise%20Gate%20pedal"
"rocktron-hush","Rocktron","Micro HUSH","https://www.google.com/search?tbm=isch&q=Rocktron%20Micro%20HUSH%20pedal"
"joyo-noise-gate","Joyo","JF-31 Noise Gate","https://www.google.com/search?tbm=isch&q=Joyo%20JF-31%20Noise%20Gate%20pedal"
"boss-lm2","Boss","LM-2 Limiter","https://www.google.com/search?tbm=isch&q=Boss%20LM-2%20Limiter%20pedal"
"ehx-platform","Electro-Harmonix","Platform","https://www.google.com/search?tbm=isch&q=Electro-Harmonix%20Platform%20pedal"
"darkglass-hyper-luminal","Darkglass","Hyper Luminal","https://www.google.com/search?tbm=isch&q=Darkglass%20Hyper%20Luminal%20pedal"
"dod-280","DOD","280 Compressor","https://www.google.com/search?tbm=isch&q=DOD%20280%20Compressor%20pedal"
"pigtronix-philosophers-tone","Pigtronix","Philosopher\","https://www.google.com/search?tbm=isch&q=Pigtronix%20Philosopher%5C%20pedal"
"seymour-duncan-vise-grip","Seymour Duncan","Vise Grip","https://www.google.com/search?tbm=isch&q=Seymour%20Duncan%20Vise%20Grip%20pedal"
"fender-the-bends","Fender","The Bends","https://www.google.com/search?tbm=isch&q=Fender%20The%20Bends%20pedal"
"mad-professor-forest-green","Mad Professor","Forest Green","https://www.google.com/search?tbm=isch&q=Mad%20Professor%20Forest%20Green%20pedal"
"tone-city-comp-engine","Tone City","Comp Engine","https://www.google.com/search?tbm=isch&q=Tone%20City%20Comp%20Engine%20pedal"
"cali76-bass","Origin Effects","Cali76 Bass","https://www.google.com/search?tbm=isch&q=Origin%20Effects%20Cali76%20Bass%20pedal"
"fairfield-accountant","Fairfield Circuitry","The Accountant","https://www.google.com/search?tbm=isch&q=Fairfield%20Circuitry%20The%20Accountant%20pedal"
"becos-stella","Becos","Stella Compressor","https://www.google.com/search?tbm=isch&q=Becos%20Stella%20Compressor%20pedal"
"strymon-compadre","Strymon","Compadre","https://www.google.com/search?tbm=isch&q=Strymon%20Compadre%20pedal"
"boss-ge7","Boss","GE-7 Graphic EQ","https://www.google.com/search?tbm=isch&q=Boss%20GE-7%20Graphic%20EQ%20pedal"
"mxr-m108s","MXR","M108S 10-Band EQ","https://www.google.com/search?tbm=isch&q=MXR%20M108S%2010-Band%20EQ%20pedal"
"mxr-m109s","MXR","M109S 6-Band EQ","https://www.google.com/search?tbm=isch&q=MXR%20M109S%206-Band%20EQ%20pedal"
"source-audio-eq2","Source Audio","EQ2","https://www.google.com/search?tbm=isch&q=Source%20Audio%20EQ2%20pedal"
"boss-eq200","Boss","EQ-200","https://www.google.com/search?tbm=isch&q=Boss%20EQ-200%20pedal"
"empress-paraeq","Empress","ParaEQ","https://www.google.com/search?tbm=isch&q=Empress%20ParaEQ%20pedal"
"wampler-eq","Wampler","EQuator","https://www.google.com/search?tbm=isch&q=Wampler%20EQuator%20pedal"
"ehx-knockout","Electro-Harmonix","Knockout","https://www.google.com/search?tbm=isch&q=Electro-Harmonix%20Knockout%20pedal"
"mooer-graphic-g","Mooer","Graphic G","https://www.google.com/search?tbm=isch&q=Mooer%20Graphic%20G%20pedal"
"caline-10-band","Caline","CP-24 10-Band EQ","https://www.google.com/search?tbm=isch&q=Caline%20CP-24%2010-Band%20EQ%20pedal"
"joyo-jeq-band","Joyo","JF-11 6-Band EQ","https://www.google.com/search?tbm=isch&q=Joyo%20JF-11%206-Band%20EQ%20pedal"
"dod-fx40b","DOD","FX40B EQ","https://www.google.com/search?tbm=isch&q=DOD%20FX40B%20EQ%20pedal"
"xotic-ep-booster","Xotic","EP Booster","https://www.google.com/search?tbm=isch&q=Xotic%20EP%20Booster%20pedal"
"catalinbread-galileo","Catalinbread","Galileo","https://www.google.com/search?tbm=isch&q=Catalinbread%20Galileo%20pedal"
"tc-bodyrez","TC Electronic","BodyRez","https://www.google.com/search?tbm=isch&q=TC%20Electronic%20BodyRez%20pedal"
"lr-baggs-align","LR Baggs","Align EQ","https://www.google.com/search?tbm=isch&q=LR%20Baggs%20Align%20EQ%20pedal"
"fishman-aura","Fishman","Aura Spectrum DI","https://www.google.com/search?tbm=isch&q=Fishman%20Aura%20Spectrum%20DI%20pedal"
"darkglass-vintage-ultra-v2","Darkglass","Vintage Ultra V2","https://www.google.com/search?tbm=isch&q=Darkglass%20Vintage%20Ultra%20V2%20pedal"
"sansamp-bass-di","Tech 21","SansAmp Bass Driver DI","https://www.google.com/search?tbm=isch&q=Tech%2021%20SansAmp%20Bass%20Driver%20DI%20pedal"
"mxr-m80-bass-di","MXR","M80 Bass D.I.+","https://www.google.com/search?tbm=isch&q=MXR%20M80%20Bass%20D.I.%2B%20pedal"
"aguilar-tone-hammer","Aguilar","Tone Hammer","https://www.google.com/search?tbm=isch&q=Aguilar%20Tone%20Hammer%20pedal"
"keeley-katana","Keeley","Katana Clean Boost","https://www.google.com/search?tbm=isch&q=Keeley%20Katana%20Clean%20Boost%20pedal"
"suhr-koko","Suhr","Koko Boost","https://www.google.com/search?tbm=isch&q=Suhr%20Koko%20Boost%20pedal"
"tc-spark-booster","TC Electronic","Spark Booster","https://www.google.com/search?tbm=isch&q=TC%20Electronic%20Spark%20Booster%20pedal"
"tc-spark-mini","TC Electronic","Spark Mini Booster","https://www.google.com/search?tbm=isch&q=TC%20Electronic%20Spark%20Mini%20Booster%20pedal"
"ehx-lpb1","Electro-Harmonix","LPB-1 Linear Power Booster","https://www.google.com/search?tbm=isch&q=Electro-Harmonix%20LPB-1%20Linear%20Power%20Booster%20pedal"
"jhs-prestige","JHS","Prestige","https://www.google.com/search?tbm=isch&q=JHS%20Prestige%20pedal"
"mxr-m133","MXR","M133 Micro Amp","https://www.google.com/search?tbm=isch&q=MXR%20M133%20Micro%20Amp%20pedal"
"zvex-sho","Z.Vex","Super Hard On","https://www.google.com/search?tbm=isch&q=Z.Vex%20Super%20Hard%20On%20pedal"
"ehx-qtron-plus","Electro-Harmonix","Q-Tron+","https://www.google.com/search?tbm=isch&q=Electro-Harmonix%20Q-Tron%2B%20pedal"
"ehx-micro-qtron","Electro-Harmonix","Micro Q-Tron","https://www.google.com/search?tbm=isch&q=Electro-Harmonix%20Micro%20Q-Tron%20pedal"
"ehx-enigma","Electro-Harmonix","Enigma: Q-Balls","https://www.google.com/search?tbm=isch&q=Electro-Harmonix%20Enigma%3A%20Q-Balls%20pedal"
"boss-aw3","Boss","AW-3 Dynamic Wah","https://www.google.com/search?tbm=isch&q=Boss%20AW-3%20Dynamic%20Wah%20pedal"
"mxr-envelope-filter","MXR","M82 Envelope Filter","https://www.google.com/search?tbm=isch&q=MXR%20M82%20Envelope%20Filter%20pedal"
"source-audio-spectrum","Source Audio","Spectrum","https://www.google.com/search?tbm=isch&q=Source%20Audio%20Spectrum%20pedal"
"3leaf-proton","3Leaf Audio","Proton V3","https://www.google.com/search?tbm=isch&q=3Leaf%20Audio%20Proton%20V3%20pedal"
"pigtronix-envelope-phaser","Pigtronix","EP2","https://www.google.com/search?tbm=isch&q=Pigtronix%20EP2%20pedal"
"mad-professor-snow-white","Mad Professor","Snow White Auto Wah","https://www.google.com/search?tbm=isch&q=Mad%20Professor%20Snow%20White%20Auto%20Wah%20pedal"
"earthquaker-spatial-delivery","EarthQuaker Devices","Spatial Delivery V2","https://www.google.com/search?tbm=isch&q=EarthQuaker%20Devices%20Spatial%20Delivery%20V2%20pedal"
"dod-440-envelope-filter","DOD","440 Envelope Filter","https://www.google.com/search?tbm=isch&q=DOD%20440%20Envelope%20Filter%20pedal"
"mooer-envelope","Mooer","Envelope","https://www.google.com/search?tbm=isch&q=Mooer%20Envelope%20pedal"
"wmd-protostar","WMD","Protostar","https://www.google.com/search?tbm=isch&q=WMD%20Protostar%20pedal"
"mutron-3","Mu-Tron","Micro-Tron III","https://www.google.com/search?tbm=isch&q=Mu-Tron%20Micro-Tron%20III%20pedal"
"boss-ft2","Boss","FT-2 Dynamic Filter","https://www.google.com/search?tbm=isch&q=Boss%20FT-2%20Dynamic%20Filter%20pedal"
"moog-mf101","Moog","MF-101 Lowpass Filter","https://www.google.com/search?tbm=isch&q=Moog%20MF-101%20Lowpass%20Filter%20pedal"
"malekko-scrutator","Malekko","Scrutator","https://www.google.com/search?tbm=isch&q=Malekko%20Scrutator%20pedal"
"zvex-seek-wah","Z.Vex","Seek Wah","https://www.google.com/search?tbm=isch&q=Z.Vex%20Seek%20Wah%20pedal"
"tc-sub-n-up","TC Electronic","Sub \","https://www.google.com/search?tbm=isch&q=TC%20Electronic%20Sub%20%5C%20pedal"
"caroline-somersault","Caroline Guitar Company","Somersault","https://www.google.com/search?tbm=isch&q=Caroline%20Guitar%20Company%20Somersault%20pedal"
"joyo-wow-wah","Joyo","JF-09 Wow Wah","https://www.google.com/search?tbm=isch&q=Joyo%20JF-09%20Wow%20Wah%20pedal"
"behringer-fm600","Behringer","FM600 Filter Machine","https://www.google.com/search?tbm=isch&q=Behringer%20FM600%20Filter%20Machine%20pedal"
"aguilar-filter-twin","Aguilar","Filter Twin","https://www.google.com/search?tbm=isch&q=Aguilar%20Filter%20Twin%20pedal"
"subdecay-prometheus-dlx","Subdecay","Prometheus DLX","https://www.google.com/search?tbm=isch&q=Subdecay%20Prometheus%20DLX%20pedal"
"dunlop-crybaby-gcb95","Dunlop","Cry Baby GCB95","https://www.google.com/search?tbm=isch&q=Dunlop%20Cry%20Baby%20GCB95%20pedal"
"dunlop-crybaby-95q","Dunlop","Cry Baby 95Q","https://www.google.com/search?tbm=isch&q=Dunlop%20Cry%20Baby%2095Q%20pedal"
"dunlop-crybaby-mini","Dunlop","Cry Baby Mini","https://www.google.com/search?tbm=isch&q=Dunlop%20Cry%20Baby%20Mini%20pedal"
"dunlop-jh1d","Dunlop","JH-1D Jimi Hendrix Wah","https://www.google.com/search?tbm=isch&q=Dunlop%20JH-1D%20Jimi%20Hendrix%20Wah%20pedal"
"dunlop-535q","Dunlop","535Q Multi-Wah","https://www.google.com/search?tbm=isch&q=Dunlop%20535Q%20Multi-Wah%20pedal"
"dunlop-cbm95","Dunlop","CBM95 Cry Baby Mini","https://www.google.com/search?tbm=isch&q=Dunlop%20CBM95%20Cry%20Baby%20Mini%20pedal"
"vox-v845","Vox","V845 Classic Wah","https://www.google.com/search?tbm=isch&q=Vox%20V845%20Classic%20Wah%20pedal"
"vox-v847","Vox","V847-A Wah","https://www.google.com/search?tbm=isch&q=Vox%20V847-A%20Wah%20pedal"
"wilson-ten-spot-ii","Wilson Effects","Ten Spot II","https://www.google.com/search?tbm=isch&q=Wilson%20Effects%20Ten%20Spot%20II%20pedal"
"teese-rmc3","Real McCoy Custom","RMC3 FL","https://www.google.com/search?tbm=isch&q=Real%20McCoy%20Custom%20RMC3%20FL%20pedal"
"xotic-xw1","Xotic","XW-1","https://www.google.com/search?tbm=isch&q=Xotic%20XW-1%20pedal"
"morley-bad-horsie-2","Morley","Bad Horsie 2","https://www.google.com/search?tbm=isch&q=Morley%20Bad%20Horsie%202%20pedal"
"morley-classic-wah","Morley","Classic Wah","https://www.google.com/search?tbm=isch&q=Morley%20Classic%20Wah%20pedal"
"morley-mini-wah","Morley","20/20 Wah","https://www.google.com/search?tbm=isch&q=Morley%2020%2F20%20Wah%20pedal"
"boss-pw3","Boss","PW-3 Wah","https://www.google.com/search?tbm=isch&q=Boss%20PW-3%20Wah%20pedal"
"fulltone-clyde","Fulltone","Clyde Standard","https://www.google.com/search?tbm=isch&q=Fulltone%20Clyde%20Standard%20pedal"
"mxr-mc404-wah","MXR","MC404 CAE Wah","https://www.google.com/search?tbm=isch&q=MXR%20MC404%20CAE%20Wah%20pedal"
"xotic-rc-booster","Xotic","RC Booster V2","https://www.google.com/search?tbm=isch&q=Xotic%20RC%20Booster%20V2%20pedal"
"xotic-ac-booster","Xotic","AC Booster","https://www.google.com/search?tbm=isch&q=Xotic%20AC%20Booster%20pedal"
"mxr-m133-micro-amp","MXR","M133 Micro Amp","https://www.google.com/search?tbm=isch&q=MXR%20M133%20Micro%20Amp%20pedal"
"mxr-m293-booster-mini","MXR","M293 Booster Mini","https://www.google.com/search?tbm=isch&q=MXR%20M293%20Booster%20Mini%20pedal"
"earthquaker-arrows","EarthQuaker Devices","Arrows V2","https://www.google.com/search?tbm=isch&q=EarthQuaker%20Devices%20Arrows%20V2%20pedal"
"walrus-monument","Walrus Audio","Monument V2 Harmonic Tap Tremolo","https://www.google.com/search?tbm=isch&q=Walrus%20Audio%20Monument%20V2%20Harmonic%20Tap%20Tremolo%20pedal"
"catalinbread-naga-viper","Catalinbread","Naga Viper","https://www.google.com/search?tbm=isch&q=Catalinbread%20Naga%20Viper%20pedal"
"bsp-treble-booster","BSM","RM Treble Booster","https://www.google.com/search?tbm=isch&q=BSM%20RM%20Treble%20Booster%20pedal"
"analog-man-beano-boost","Analog Man","Beano Boost","https://www.google.com/search?tbm=isch&q=Analog%20Man%20Beano%20Boost%20pedal"
"jhs-angry-driver","JHS","Angry Driver","https://www.google.com/search?tbm=isch&q=JHS%20Angry%20Driver%20pedal"
"boss-fb2","Boss","FB-2 Feedbacker/Booster","https://www.google.com/search?tbm=isch&q=Boss%20FB-2%20Feedbacker%2FBooster%20pedal"
"zvex-super-hard-on","ZVEX","Super Hard On","https://www.google.com/search?tbm=isch&q=ZVEX%20Super%20Hard%20On%20pedal"
"emerson-paramount","Emerson Custom","Paramount","https://www.google.com/search?tbm=isch&q=Emerson%20Custom%20Paramount%20pedal"
"wampler-decibel","Wampler","dB+ Boost/Buffer","https://www.google.com/search?tbm=isch&q=Wampler%20dB%2B%20Boost%2FBuffer%20pedal"
"chase-bliss-condor","Chase Bliss Audio","Condor","https://www.google.com/search?tbm=isch&q=Chase%20Bliss%20Audio%20Condor%20pedal"
"greer-southland","Greer Amps","Southland","https://www.google.com/search?tbm=isch&q=Greer%20Amps%20Southland%20pedal"
"ehx-screaming-bird","Electro-Harmonix","Screaming Bird Treble Booster","https://www.google.com/search?tbm=isch&q=Electro-Harmonix%20Screaming%20Bird%20Treble%20Booster%20pedal"
"ehx-mole","Electro-Harmonix","Mole Bass Booster","https://www.google.com/search?tbm=isch&q=Electro-Harmonix%20Mole%20Bass%20Booster%20pedal"
"earthquaker-tone-job","EarthQuaker Devices","Tone Job V2","https://www.google.com/search?tbm=isch&q=EarthQuaker%20Devices%20Tone%20Job%20V2%20pedal"
"orange-getaway-driver","Orange","Getaway Driver","https://www.google.com/search?tbm=isch&q=Orange%20Getaway%20Driver%20pedal"
"boss-ds1","Boss","DS-1 Distortion","https://www.google.com/search?tbm=isch&q=Boss%20DS-1%20Distortion%20pedal"
"boss-ds1w","Boss","DS-1W Waza Craft Distortion","https://www.google.com/search?tbm=isch&q=Boss%20DS-1W%20Waza%20Craft%20Distortion%20pedal"
"boss-ds2","Boss","DS-2 Turbo Distortion","https://www.google.com/search?tbm=isch&q=Boss%20DS-2%20Turbo%20Distortion%20pedal"
"boss-mt2","Boss","MT-2 Metal Zone","https://www.google.com/search?tbm=isch&q=Boss%20MT-2%20Metal%20Zone%20pedal"
"boss-mt2w","Boss","MT-2W Waza Craft Metal Zone","https://www.google.com/search?tbm=isch&q=Boss%20MT-2W%20Waza%20Craft%20Metal%20Zone%20pedal"
"boss-md2","Boss","MD-2 Mega Distortion","https://www.google.com/search?tbm=isch&q=Boss%20MD-2%20Mega%20Distortion%20pedal"
"boss-st2","Boss","ST-2 Power Stack","https://www.google.com/search?tbm=isch&q=Boss%20ST-2%20Power%20Stack%20pedal"
"boss-da2","Boss","DA-2 Adaptive Distortion","https://www.google.com/search?tbm=isch&q=Boss%20DA-2%20Adaptive%20Distortion%20pedal"
"proco-rat2","Pro Co","RAT 2","https://www.google.com/search?tbm=isch&q=Pro%20Co%20RAT%202%20pedal"
"proco-fat-rat","Pro Co","Fat Rat","https://www.google.com/search?tbm=isch&q=Pro%20Co%20Fat%20Rat%20pedal"
"proco-lil-rat","Pro Co","Lil\","https://www.google.com/search?tbm=isch&q=Pro%20Co%20Lil%5C%20pedal"
"jhs-packrat","JHS","PackRat","https://www.google.com/search?tbm=isch&q=JHS%20PackRat%20pedal"
"mxr-m104-distortion-plus","MXR","M104 Distortion+","https://www.google.com/search?tbm=isch&q=MXR%20M104%20Distortion%2B%20pedal"
"mxr-m116-fullbore-metal","MXR","M116 Fullbore Metal","https://www.google.com/search?tbm=isch&q=MXR%20M116%20Fullbore%20Metal%20pedal"
"mxr-m75-super-badass","MXR","M75 Super Badass Distortion","https://www.google.com/search?tbm=isch&q=MXR%20M75%20Super%20Badass%20Distortion%20pedal"
"friedman-smallbox","Friedman","Smallbox","https://www.google.com/search?tbm=isch&q=Friedman%20Smallbox%20pedal"
"suhr-riot-mini","Suhr","Riot Mini","https://www.google.com/search?tbm=isch&q=Suhr%20Riot%20Mini%20pedal"
"revv-g2","Revv","G2 Overdrive","https://www.google.com/search?tbm=isch&q=Revv%20G2%20Overdrive%20pedal"
"wampler-dracarys","Wampler","Dracarys High Gain","https://www.google.com/search?tbm=isch&q=Wampler%20Dracarys%20High%20Gain%20pedal"
"wampler-sovereign","Wampler","Sovereign Distortion","https://www.google.com/search?tbm=isch&q=Wampler%20Sovereign%20Distortion%20pedal"
"wampler-triple-wreck","Wampler","Triple Wreck","https://www.google.com/search?tbm=isch&q=Wampler%20Triple%20Wreck%20pedal"
"diezel-herbert","Diezel","Herbert Pedal","https://www.google.com/search?tbm=isch&q=Diezel%20Herbert%20Pedal%20pedal"
"mesa-flux-drive","Mesa/Boogie","Flux-Drive","https://www.google.com/search?tbm=isch&q=Mesa%2FBoogie%20Flux-Drive%20pedal"
"mesa-throttle-box","Mesa/Boogie","Throttle Box","https://www.google.com/search?tbm=isch&q=Mesa%2FBoogie%20Throttle%20Box%20pedal"
"bogner-uberschall","Bogner","Überschall Pedal","https://www.google.com/search?tbm=isch&q=Bogner%20%C3%9Cberschall%20Pedal%20pedal"
"bogner-ecstasy-red","Bogner","Ecstasy Red","https://www.google.com/search?tbm=isch&q=Bogner%20Ecstasy%20Red%20pedal"
"bogner-ecstasy-blue","Bogner","Ecstasy Blue","https://www.google.com/search?tbm=isch&q=Bogner%20Ecstasy%20Blue%20pedal"
"prs-horsemeat","PRS","Horsemeat Transparent Overdrive","https://www.google.com/search?tbm=isch&q=PRS%20Horsemeat%20Transparent%20Overdrive%20pedal"
"irs-plasma-pedal","Gamechanger Audio","Plasma Pedal","https://www.google.com/search?tbm=isch&q=Gamechanger%20Audio%20Plasma%20Pedal%20pedal"
"earthquaker-acapulco-gold","EarthQuaker Devices","Acapulco Gold","https://www.google.com/search?tbm=isch&q=EarthQuaker%20Devices%20Acapulco%20Gold%20pedal"
"earthquaker-life-pedal","EarthQuaker Devices","Life Pedal V2","https://www.google.com/search?tbm=isch&q=EarthQuaker%20Devices%20Life%20Pedal%20V2%20pedal"
"kma-wurm","KMA Machines","Wurm Distortion","https://www.google.com/search?tbm=isch&q=KMA%20Machines%20Wurm%20Distortion%20pedal"
"tc-dark-matter","TC Electronic","Dark Matter Distortion","https://www.google.com/search?tbm=isch&q=TC%20Electronic%20Dark%20Matter%20Distortion%20pedal"
"digitech-dirty-robot","DigiTech","Dirty Robot Stereo Mini Synth","https://www.google.com/search?tbm=isch&q=DigiTech%20Dirty%20Robot%20Stereo%20Mini%20Synth%20pedal"
"ehx-big-muff","Electro-Harmonix","Big Muff Pi","https://www.google.com/search?tbm=isch&q=Electro-Harmonix%20Big%20Muff%20Pi%20pedal"
"ehx-nano-big-muff","Electro-Harmonix","Nano Big Muff Pi","https://www.google.com/search?tbm=isch&q=Electro-Harmonix%20Nano%20Big%20Muff%20Pi%20pedal"
"ehx-op-amp-big-muff","Electro-Harmonix","Op-Amp Big Muff","https://www.google.com/search?tbm=isch&q=Electro-Harmonix%20Op-Amp%20Big%20Muff%20pedal"
"ehx-triangle-big-muff","Electro-Harmonix","Triangle Big Muff","https://www.google.com/search?tbm=isch&q=Electro-Harmonix%20Triangle%20Big%20Muff%20pedal"
"ehx-rams-head-big-muff","Electro-Harmonix","Ram\","https://www.google.com/search?tbm=isch&q=Electro-Harmonix%20Ram%5C%20pedal"
"ehx-green-russian-big-muff","Electro-Harmonix","Green Russian Big Muff","https://www.google.com/search?tbm=isch&q=Electro-Harmonix%20Green%20Russian%20Big%20Muff%20pedal"
"ehx-deluxe-big-muff","Electro-Harmonix","Deluxe Big Muff Pi","https://www.google.com/search?tbm=isch&q=Electro-Harmonix%20Deluxe%20Big%20Muff%20Pi%20pedal"
"earthquaker-cloven-hoof","EarthQuaker Devices","Cloven Hoof","https://www.google.com/search?tbm=isch&q=EarthQuaker%20Devices%20Cloven%20Hoof%20pedal"
"wren-and-cuff-tall-font-russian","Wren and Cuff","Tall Font Russian","https://www.google.com/search?tbm=isch&q=Wren%20and%20Cuff%20Tall%20Font%20Russian%20pedal"
"dunlop-ffm1","Dunlop","FFM1 Fuzz Face Mini Silicon","https://www.google.com/search?tbm=isch&q=Dunlop%20FFM1%20Fuzz%20Face%20Mini%20Silicon%20pedal"
"dunlop-ffm2","Dunlop","FFM2 Fuzz Face Mini Germanium","https://www.google.com/search?tbm=isch&q=Dunlop%20FFM2%20Fuzz%20Face%20Mini%20Germanium%20pedal"
"dunlop-ffm3","Dunlop","FFM3 Fuzz Face Mini Hendrix","https://www.google.com/search?tbm=isch&q=Dunlop%20FFM3%20Fuzz%20Face%20Mini%20Hendrix%20pedal"
"dunlop-jhf1","Dunlop","JHF1 Jimi Hendrix Fuzz Face","https://www.google.com/search?tbm=isch&q=Dunlop%20JHF1%20Jimi%20Hendrix%20Fuzz%20Face%20pedal"
"analogman-sunface","Analog Man","Sun Face","https://www.google.com/search?tbm=isch&q=Analog%20Man%20Sun%20Face%20pedal"
"jhs-bender","JHS","Bender","https://www.google.com/search?tbm=isch&q=JHS%20Bender%20pedal"
"earthquaker-tone-reaper","EarthQuaker Devices","Tone Reaper","https://www.google.com/search?tbm=isch&q=EarthQuaker%20Devices%20Tone%20Reaper%20pedal"
"zvex-fuzz-factory","ZVEX","Fuzz Factory","https://www.google.com/search?tbm=isch&q=ZVEX%20Fuzz%20Factory%20pedal"
"zvex-fuzz-factory-7","ZVEX","Fuzz Factory 7","https://www.google.com/search?tbm=isch&q=ZVEX%20Fuzz%20Factory%207%20pedal"
"zvex-woolly-mammoth","ZVEX","Woolly Mammoth","https://www.google.com/search?tbm=isch&q=ZVEX%20Woolly%20Mammoth%20pedal"
"death-by-audio-supersonic-fuzz-gun","Death By Audio","Supersonic Fuzz Gun","https://www.google.com/search?tbm=isch&q=Death%20By%20Audio%20Supersonic%20Fuzz%20Gun%20pedal"
"earthquaker-data-corrupter","EarthQuaker Devices","Data Corrupter","https://www.google.com/search?tbm=isch&q=EarthQuaker%20Devices%20Data%20Corrupter%20pedal"
"dba-apocalypse","Death By Audio","Apocalypse","https://www.google.com/search?tbm=isch&q=Death%20By%20Audio%20Apocalypse%20pedal"
"fulltone-octafuzz","Fulltone","Octafuzz OF-2","https://www.google.com/search?tbm=isch&q=Fulltone%20Octafuzz%20OF-2%20pedal"
"dunlop-jh-octavio","Dunlop","JH3S Jimi Hendrix Octavio","https://www.google.com/search?tbm=isch&q=Dunlop%20JH3S%20Jimi%20Hendrix%20Octavio%20pedal"
"earthquaker-tentacle","EarthQuaker Devices","Tentacle V2","https://www.google.com/search?tbm=isch&q=EarthQuaker%20Devices%20Tentacle%20V2%20pedal"
"jhs-supreme","JHS","Supreme","https://www.google.com/search?tbm=isch&q=JHS%20Supreme%20pedal"
"jhs-muffuletta","JHS","Muffuletta","https://www.google.com/search?tbm=isch&q=JHS%20Muffuletta%20pedal"
"keeley-fuzz-bender","Keeley","Fuzz Bender","https://www.google.com/search?tbm=isch&q=Keeley%20Fuzz%20Bender%20pedal"
"walrus-contraband","Walrus Audio","Contraband","https://www.google.com/search?tbm=isch&q=Walrus%20Audio%20Contraband%20pedal"
"boss-fz1w","Boss","FZ-1W Waza Craft Fuzz","https://www.google.com/search?tbm=isch&q=Boss%20FZ-1W%20Waza%20Craft%20Fuzz%20pedal"
"tc-rusty-fuzz","TC Electronic","Rusty Fuzz","https://www.google.com/search?tbm=isch&q=TC%20Electronic%20Rusty%20Fuzz%20pedal"
"ehx-big-muff-op-amp","Electro-Harmonix","Op-Amp Big Muff Reissue","https://www.google.com/search?tbm=isch&q=Electro-Harmonix%20Op-Amp%20Big%20Muff%20Reissue%20pedal"
"ibanez-ts9","Ibanez","TS9 Tube Screamer","https://www.google.com/search?tbm=isch&q=Ibanez%20TS9%20Tube%20Screamer%20pedal"
"ibanez-ts808","Ibanez","TS808 Tube Screamer","https://www.google.com/search?tbm=isch&q=Ibanez%20TS808%20Tube%20Screamer%20pedal"
"ibanez-ts9dx","Ibanez","TS9DX Turbo Tube Screamer","https://www.google.com/search?tbm=isch&q=Ibanez%20TS9DX%20Turbo%20Tube%20Screamer%20pedal"
"ibanez-tsmini","Ibanez","TS Mini Tube Screamer","https://www.google.com/search?tbm=isch&q=Ibanez%20TS%20Mini%20Tube%20Screamer%20pedal"
"maxon-od808","Maxon","OD808 Overdrive","https://www.google.com/search?tbm=isch&q=Maxon%20OD808%20Overdrive%20pedal"
"maxon-od9","Maxon","OD9 Overdrive","https://www.google.com/search?tbm=isch&q=Maxon%20OD9%20Overdrive%20pedal"
"earthquaker-plumes","EarthQuaker Devices","Plumes","https://www.google.com/search?tbm=isch&q=EarthQuaker%20Devices%20Plumes%20pedal"
"jhs-bonsai","JHS","Bonsai","https://www.google.com/search?tbm=isch&q=JHS%20Bonsai%20pedal"
"keeley-red-dirt","Keeley","Red Dirt Overdrive","https://www.google.com/search?tbm=isch&q=Keeley%20Red%20Dirt%20Overdrive%20pedal"
"wampler-clarksdale","Wampler","Clarksdale Delta Overdrive","https://www.google.com/search?tbm=isch&q=Wampler%20Clarksdale%20Delta%20Overdrive%20pedal"
"visual-sound-v2-rt","Visual Sound","Route 66 V2","https://www.google.com/search?tbm=isch&q=Visual%20Sound%20Route%2066%20V2%20pedal"
"klon-ktr","Klon","KTR","https://www.google.com/search?tbm=isch&q=Klon%20KTR%20pedal"
"wampler-tumnus","Wampler","Tumnus","https://www.google.com/search?tbm=isch&q=Wampler%20Tumnus%20pedal"
"wampler-tumnus-deluxe","Wampler","Tumnus Deluxe","https://www.google.com/search?tbm=isch&q=Wampler%20Tumnus%20Deluxe%20pedal"
"mxr-sugar-drive","MXR","M294 Sugar Drive","https://www.google.com/search?tbm=isch&q=MXR%20M294%20Sugar%20Drive%20pedal"
"ehx-soul-food","Electro-Harmonix","Soul Food","https://www.google.com/search?tbm=isch&q=Electro-Harmonix%20Soul%20Food%20pedal"
"tc-zeus-drive","TC Electronic","Zeus Drive","https://www.google.com/search?tbm=isch&q=TC%20Electronic%20Zeus%20Drive%20pedal"
"jrockett-archer","J. Rockett","Archer","https://www.google.com/search?tbm=isch&q=J.%20Rockett%20Archer%20pedal"
"jrockett-archer-ikon","J. Rockett","Archer Ikon","https://www.google.com/search?tbm=isch&q=J.%20Rockett%20Archer%20Ikon%20pedal"
"ryra-klone","RYRA","The Klone","https://www.google.com/search?tbm=isch&q=RYRA%20The%20Klone%20pedal"
"ceriatone-centura","Ceriatone","Centura","https://www.google.com/search?tbm=isch&q=Ceriatone%20Centura%20pedal"
"jhs-morning-glory","JHS","Morning Glory V4","https://www.google.com/search?tbm=isch&q=JHS%20Morning%20Glory%20V4%20pedal"
"analogman-king-of-tone","Analog Man","King of Tone","https://www.google.com/search?tbm=isch&q=Analog%20Man%20King%20of%20Tone%20pedal"
"analogman-prince-of-tone","Analog Man","Prince of Tone","https://www.google.com/search?tbm=isch&q=Analog%20Man%20Prince%20of%20Tone%20pedal"
"snouse-blackbox2","Snouse","BlackBox 2","https://www.google.com/search?tbm=isch&q=Snouse%20BlackBox%202%20pedal"
"jhs-double-barrel","JHS","Double Barrel V4","https://www.google.com/search?tbm=isch&q=JHS%20Double%20Barrel%20V4%20pedal"
"boss-bd2","Boss","BD-2 Blues Driver","https://www.google.com/search?tbm=isch&q=Boss%20BD-2%20Blues%20Driver%20pedal"
"boss-bd2w","Boss","BD-2W Waza Craft Blues Driver","https://www.google.com/search?tbm=isch&q=Boss%20BD-2W%20Waza%20Craft%20Blues%20Driver%20pedal"
"boss-sd1","Boss","SD-1 Super Overdrive","https://www.google.com/search?tbm=isch&q=Boss%20SD-1%20Super%20Overdrive%20pedal"
"boss-sd1w","Boss","SD-1W Waza Craft Super Overdrive","https://www.google.com/search?tbm=isch&q=Boss%20SD-1W%20Waza%20Craft%20Super%20Overdrive%20pedal"
"boss-od3","Boss","OD-3 OverDrive","https://www.google.com/search?tbm=isch&q=Boss%20OD-3%20OverDrive%20pedal"
"boss-od1x","Boss","OD-1X Overdrive","https://www.google.com/search?tbm=isch&q=Boss%20OD-1X%20Overdrive%20pedal"
"fulltone-ocd","Fulltone","OCD","https://www.google.com/search?tbm=isch&q=Fulltone%20OCD%20pedal"
"fulltone-fulldrive2","Fulltone","Fulldrive 2","https://www.google.com/search?tbm=isch&q=Fulltone%20Fulldrive%202%20pedal"
"fulltone-plimsoul","Fulltone","Plimsoul","https://www.google.com/search?tbm=isch&q=Fulltone%20Plimsoul%20pedal"
"walrus-ages","Walrus Audio","Ages Five-State Overdrive","https://www.google.com/search?tbm=isch&q=Walrus%20Audio%20Ages%20Five-State%20Overdrive%20pedal"
"walrus-voyager","Walrus Audio","Voyager Preamp/Overdrive","https://www.google.com/search?tbm=isch&q=Walrus%20Audio%20Voyager%20Preamp%2FOverdrive%20pedal"
"walrus-385","Walrus Audio","385 Overdrive","https://www.google.com/search?tbm=isch&q=Walrus%20Audio%20385%20Overdrive%20pedal"
"paul-cochrane-timmy","Paul Cochrane","Timmy V3","https://www.google.com/search?tbm=isch&q=Paul%20Cochrane%20Timmy%20V3%20pedal"
"mxr-timmy","MXR","CSP027 Timmy Overdrive","https://www.google.com/search?tbm=isch&q=MXR%20CSP027%20Timmy%20Overdrive%20pedal"
"mxr-m193-gt-od","MXR","M193 GT-OD","https://www.google.com/search?tbm=isch&q=MXR%20M193%20GT-OD%20pedal"
"mxr-m77-badass-od","MXR","M77 Custom Badass Modified OD","https://www.google.com/search?tbm=isch&q=MXR%20M77%20Custom%20Badass%20Modified%20OD%20pedal"
"mxr-m78-badass-distortion","MXR","M78 Custom Badass 78 Distortion","https://www.google.com/search?tbm=isch&q=MXR%20M78%20Custom%20Badass%2078%20Distortion%20pedal"
"greer-lightspeed","Greer Amps","Lightspeed Organic Overdrive","https://www.google.com/search?tbm=isch&q=Greer%20Amps%20Lightspeed%20Organic%20Overdrive%20pedal"
"bondi-sick-as","Bondi Effects","Sick As Overdrive","https://www.google.com/search?tbm=isch&q=Bondi%20Effects%20Sick%20As%20Overdrive%20pedal"
"benson-preamp","Benson Amps","Preamp Pedal","https://www.google.com/search?tbm=isch&q=Benson%20Amps%20Preamp%20Pedal%20pedal"
"nordvang-89-od","Nordvang","89 OD","https://www.google.com/search?tbm=isch&q=Nordvang%2089%20OD%20pedal"
"supro-drive","Supro","1305 Drive","https://www.google.com/search?tbm=isch&q=Supro%201305%20Drive%20pedal"
"vertex-steel-string","Vertex","Steel String Clean Drive","https://www.google.com/search?tbm=isch&q=Vertex%20Steel%20String%20Clean%20Drive%20pedal"
"lovepedal-eternity","Lovepedal","Eternity","https://www.google.com/search?tbm=isch&q=Lovepedal%20Eternity%20pedal"
"mad-professor-sweet-honey","Mad Professor","Sweet Honey Overdrive","https://www.google.com/search?tbm=isch&q=Mad%20Professor%20Sweet%20Honey%20Overdrive%20pedal"
"barber-gain-changer","Barber Electronics","Gain Changer","https://www.google.com/search?tbm=isch&q=Barber%20Electronics%20Gain%20Changer%20pedal"
"cmatmods-brownie","CMATMODS","Brownie","https://www.google.com/search?tbm=isch&q=CMATMODS%20Brownie%20pedal"
"earthquaker-westwood","EarthQuaker Devices","Westwood","https://www.google.com/search?tbm=isch&q=EarthQuaker%20Devices%20Westwood%20pedal"
"earthquaker-special-cranker","EarthQuaker Devices","Special Cranker","https://www.google.com/search?tbm=isch&q=EarthQuaker%20Devices%20Special%20Cranker%20pedal"
"tc-mojomojo","TC Electronic","MojoMojo Overdrive","https://www.google.com/search?tbm=isch&q=TC%20Electronic%20MojoMojo%20Overdrive%20pedal"
"tc-cinders","TC Electronic","Cinders Overdrive","https://www.google.com/search?tbm=isch&q=TC%20Electronic%20Cinders%20Overdrive%20pedal"
"jhs-3-series-screamer","JHS","3 Series Screamer","https://www.google.com/search?tbm=isch&q=JHS%203%20Series%20Screamer%20pedal"
"jhs-3-series-distortion","JHS","3 Series Distortion","https://www.google.com/search?tbm=isch&q=JHS%203%20Series%20Distortion%20pedal"
"jhs-moonshine","JHS","Moonshine V2","https://www.google.com/search?tbm=isch&q=JHS%20Moonshine%20V2%20pedal"
"jhs-angry-charlie","JHS","Angry Charlie V3","https://www.google.com/search?tbm=isch&q=JHS%20Angry%20Charlie%20V3%20pedal"
"keeley-d-and-m-drive","Keeley","D&M Drive","https://www.google.com/search?tbm=isch&q=Keeley%20D%26M%20Drive%20pedal"
"keeley-oxblood","Keeley","Oxblood Overdrive","https://www.google.com/search?tbm=isch&q=Keeley%20Oxblood%20Overdrive%20pedal"
"blackstar-lt-drive","Blackstar","LT-Drive","https://www.google.com/search?tbm=isch&q=Blackstar%20LT-Drive%20pedal"
"orange-two-stroke","Orange","Two Stroke Boost EQ","https://www.google.com/search?tbm=isch&q=Orange%20Two%20Stroke%20Boost%20EQ%20pedal"
"fender-pugilist","Fender","Pugilist Distortion","https://www.google.com/search?tbm=isch&q=Fender%20Pugilist%20Distortion%20pedal"
"fender-full-moon","Fender","Full Moon Distortion","https://www.google.com/search?tbm=isch&q=Fender%20Full%20Moon%20Distortion%20pedal"
"boss-ce2w","Boss","CE-2W Waza Craft Chorus","https://www.google.com/search?tbm=isch&q=Boss%20CE-2W%20Waza%20Craft%20Chorus%20pedal"
"boss-ch1","Boss","CH-1 Super Chorus","https://www.google.com/search?tbm=isch&q=Boss%20CH-1%20Super%20Chorus%20pedal"
"boss-dc2w","Boss","DC-2W Waza Craft Dimension C","https://www.google.com/search?tbm=isch&q=Boss%20DC-2W%20Waza%20Craft%20Dimension%20C%20pedal"
"mxr-m234-chorus","MXR","M234 Analog Chorus","https://www.google.com/search?tbm=isch&q=MXR%20M234%20Analog%20Chorus%20pedal"
"mxr-m83-chorus","MXR","M83 Bass Chorus Deluxe","https://www.google.com/search?tbm=isch&q=MXR%20M83%20Bass%20Chorus%20Deluxe%20pedal"
"ehx-small-clone","Electro-Harmonix","Small Clone","https://www.google.com/search?tbm=isch&q=Electro-Harmonix%20Small%20Clone%20pedal"
"ehx-eddy","Electro-Harmonix","Eddy Analog Vibrato/Chorus","https://www.google.com/search?tbm=isch&q=Electro-Harmonix%20Eddy%20Analog%20Vibrato%2FChorus%20pedal"
"ehx-bass-clone","Electro-Harmonix","Bass Clone","https://www.google.com/search?tbm=isch&q=Electro-Harmonix%20Bass%20Clone%20pedal"
"strymon-ola","Strymon","Ola dBucket Chorus","https://www.google.com/search?tbm=isch&q=Strymon%20Ola%20dBucket%20Chorus%20pedal"
"walrus-julianna","Walrus Audio","Julianna Stereo Chorus/Vibrato","https://www.google.com/search?tbm=isch&q=Walrus%20Audio%20Julianna%20Stereo%20Chorus%2FVibrato%20pedal"
"jhs-emperor","JHS","Emperor V2","https://www.google.com/search?tbm=isch&q=JHS%20Emperor%20V2%20pedal"
"jhs-3-series-chorus","JHS","3 Series Chorus","https://www.google.com/search?tbm=isch&q=JHS%203%20Series%20Chorus%20pedal"
"tc-corona-chorus","TC Electronic","Corona Chorus","https://www.google.com/search?tbm=isch&q=TC%20Electronic%20Corona%20Chorus%20pedal"
"tc-corona-mini","TC Electronic","Corona Mini Chorus","https://www.google.com/search?tbm=isch&q=TC%20Electronic%20Corona%20Mini%20Chorus%20pedal"
"tc-afterglow","TC Electronic","Afterglow Chorus","https://www.google.com/search?tbm=isch&q=TC%20Electronic%20Afterglow%20Chorus%20pedal"
"earthquaker-sea-machine","EarthQuaker Devices","Sea Machine V3","https://www.google.com/search?tbm=isch&q=EarthQuaker%20Devices%20Sea%20Machine%20V3%20pedal"
"keeley-seafoam-plus","Keeley","Seafoam Plus Chorus","https://www.google.com/search?tbm=isch&q=Keeley%20Seafoam%20Plus%20Chorus%20pedal"
"keeley-dynatrem","Keeley","Dyno My Roto","https://www.google.com/search?tbm=isch&q=Keeley%20Dyno%20My%20Roto%20pedal"
"chase-bliss-warped-vinyl","Chase Bliss Audio","Warped Vinyl HiFi","https://www.google.com/search?tbm=isch&q=Chase%20Bliss%20Audio%20Warped%20Vinyl%20HiFi%20pedal"
"deco-saturator","Strymon","Deco Tape Saturation","https://www.google.com/search?tbm=isch&q=Strymon%20Deco%20Tape%20Saturation%20pedal"
"analogman-chorus","Analog Man","Bi-Chorus","https://www.google.com/search?tbm=isch&q=Analog%20Man%20Bi-Chorus%20pedal"
"way-huge-blue-hippo","Way Huge","Blue Hippo","https://www.google.com/search?tbm=isch&q=Way%20Huge%20Blue%20Hippo%20pedal"
"foxgear-fenix","Foxgear","Fenix","https://www.google.com/search?tbm=isch&q=Foxgear%20Fenix%20pedal"
"source-audio-gemini","Source Audio","Gemini Chorus","https://www.google.com/search?tbm=isch&q=Source%20Audio%20Gemini%20Chorus%20pedal"
"mad-professor-electric-blue","Mad Professor","Electric Blue Chorus","https://www.google.com/search?tbm=isch&q=Mad%20Professor%20Electric%20Blue%20Chorus%20pedal"
"boss-bf3","Boss","BF-3 Flanger","https://www.google.com/search?tbm=isch&q=Boss%20BF-3%20Flanger%20pedal"
"mxr-m117r-flanger","MXR","M117R Flanger","https://www.google.com/search?tbm=isch&q=MXR%20M117R%20Flanger%20pedal"
"mxr-m152-micro-flanger","MXR","M152 Micro Flanger","https://www.google.com/search?tbm=isch&q=MXR%20M152%20Micro%20Flanger%20pedal"
"ehx-electric-mistress","Electro-Harmonix","Electric Mistress","https://www.google.com/search?tbm=isch&q=Electro-Harmonix%20Electric%20Mistress%20pedal"
"ehx-neo-mistress","Electro-Harmonix","Neo Mistress","https://www.google.com/search?tbm=isch&q=Electro-Harmonix%20Neo%20Mistress%20pedal"
"tc-vortex-flanger","TC Electronic","Vortex Flanger","https://www.google.com/search?tbm=isch&q=TC%20Electronic%20Vortex%20Flanger%20pedal"
"walrus-polychrome","Walrus Audio","Polychrome Analog Flanger","https://www.google.com/search?tbm=isch&q=Walrus%20Audio%20Polychrome%20Analog%20Flanger%20pedal"
"boss-tr2","Boss","TR-2 Tremolo","https://www.google.com/search?tbm=isch&q=Boss%20TR-2%20Tremolo%20pedal"
"ehx-pulsar","Electro-Harmonix","Pulsar Stereo Tremolo","https://www.google.com/search?tbm=isch&q=Electro-Harmonix%20Pulsar%20Stereo%20Tremolo%20pedal"
"strymon-flint","Strymon","Flint Tremolo & Reverb","https://www.google.com/search?tbm=isch&q=Strymon%20Flint%20Tremolo%20%26%20Reverb%20pedal"
"jhs-kodiak","JHS","Kodiak","https://www.google.com/search?tbm=isch&q=JHS%20Kodiak%20pedal"
"fulltone-supa-trem","Fulltone","Supa-Trem 2","https://www.google.com/search?tbm=isch&q=Fulltone%20Supa-Trem%202%20pedal"
"keeley-tremolo","Keeley","Tremolo Workstation","https://www.google.com/search?tbm=isch&q=Keeley%20Tremolo%20Workstation%20pedal"
"tc-pipeline","TC Electronic","Pipeline Tap Tremolo","https://www.google.com/search?tbm=isch&q=TC%20Electronic%20Pipeline%20Tap%20Tremolo%20pedal"
"earthquaker-hummingbird","EarthQuaker Devices","Hummingbird V4","https://www.google.com/search?tbm=isch&q=EarthQuaker%20Devices%20Hummingbird%20V4%20pedal"
"source-audio-vertigo","Source Audio","Vertigo Tremolo","https://www.google.com/search?tbm=isch&q=Source%20Audio%20Vertigo%20Tremolo%20pedal"
"fender-tre-verb","Fender","Tre-Verb","https://www.google.com/search?tbm=isch&q=Fender%20Tre-Verb%20pedal"
"boss-vb2w","Boss","VB-2W Waza Craft Vibrato","https://www.google.com/search?tbm=isch&q=Boss%20VB-2W%20Waza%20Craft%20Vibrato%20pedal"
"tc-shaker","TC Electronic","Shaker Vibrato","https://www.google.com/search?tbm=isch&q=TC%20Electronic%20Shaker%20Vibrato%20pedal"
"earthquaker-aqueduct","EarthQuaker Devices","Aqueduct Vibrato","https://www.google.com/search?tbm=isch&q=EarthQuaker%20Devices%20Aqueduct%20Vibrato%20pedal"
"jhs-unicorn","JHS","Unicorn V2","https://www.google.com/search?tbm=isch&q=JHS%20Unicorn%20V2%20pedal"
"fulltone-deja-vibe","Fulltone","MDV3 Mini Deja-Vibe","https://www.google.com/search?tbm=isch&q=Fulltone%20MDV3%20Mini%20Deja-Vibe%20pedal"
"mxr-uni-vibe","MXR","M68 Uni-Vibe","https://www.google.com/search?tbm=isch&q=MXR%20M68%20Uni-Vibe%20pedal"
"dunlop-jh-univibe","Dunlop","JHM3 Jimi Hendrix Uni-Vibe","https://www.google.com/search?tbm=isch&q=Dunlop%20JHM3%20Jimi%20Hendrix%20Uni-Vibe%20pedal"
"ehx-good-vibes","Electro-Harmonix","Good Vibes","https://www.google.com/search?tbm=isch&q=Electro-Harmonix%20Good%20Vibes%20pedal"
"strymon-lex","Strymon","Lex Rotary","https://www.google.com/search?tbm=isch&q=Strymon%20Lex%20Rotary%20pedal"
"ehx-lester-g","Electro-Harmonix","Lester G Deluxe","https://www.google.com/search?tbm=isch&q=Electro-Harmonix%20Lester%20G%20Deluxe%20pedal"
"ehx-lester-k","Electro-Harmonix","Lester K","https://www.google.com/search?tbm=isch&q=Electro-Harmonix%20Lester%20K%20pedal"
"boss-rt20","Boss","RT-20 Rotary Ensemble","https://www.google.com/search?tbm=isch&q=Boss%20RT-20%20Rotary%20Ensemble%20pedal"
"neo-instruments-ventilator","Neo Instruments","Ventilator II","https://www.google.com/search?tbm=isch&q=Neo%20Instruments%20Ventilator%20II%20pedal"
"source-audio-orbital","Source Audio","Orbital Modulation","https://www.google.com/search?tbm=isch&q=Source%20Audio%20Orbital%20Modulation%20pedal"
"mxr-phase90","MXR","M101 Phase 90","https://www.google.com/search?tbm=isch&q=MXR%20M101%20Phase%2090%20pedal"
"mxr-phase95","MXR","M290 Phase 95 Mini","https://www.google.com/search?tbm=isch&q=MXR%20M290%20Phase%2095%20Mini%20pedal"
"mxr-phase99","MXR","M99 Phase 99","https://www.google.com/search?tbm=isch&q=MXR%20M99%20Phase%2099%20pedal"
"mxr-evh-phase90","MXR","EVH Phase 90","https://www.google.com/search?tbm=isch&q=MXR%20EVH%20Phase%2090%20pedal"
"boss-ph3","Boss","PH-3 Phase Shifter","https://www.google.com/search?tbm=isch&q=Boss%20PH-3%20Phase%20Shifter%20pedal"
"boss-ph1r","Boss","PH-1R Phaser","https://www.google.com/search?tbm=isch&q=Boss%20PH-1R%20Phaser%20pedal"
"ehx-small-stone","Electro-Harmonix","Small Stone Nano","https://www.google.com/search?tbm=isch&q=Electro-Harmonix%20Small%20Stone%20Nano%20pedal"
"ehx-bad-stone","Electro-Harmonix","Bad Stone","https://www.google.com/search?tbm=isch&q=Electro-Harmonix%20Bad%20Stone%20pedal"
"ehx-nano-small-stone","Electro-Harmonix","Nano Small Stone","https://www.google.com/search?tbm=isch&q=Electro-Harmonix%20Nano%20Small%20Stone%20pedal"
"jhs-3-series-phaser","JHS","3 Series Phaser","https://www.google.com/search?tbm=isch&q=JHS%203%20Series%20Phaser%20pedal"
"keeley-phaser","Keeley","Bubbletron Dynamic Flanger/Phaser","https://www.google.com/search?tbm=isch&q=Keeley%20Bubbletron%20Dynamic%20Flanger%2FPhaser%20pedal"
"earthquaker-grand-orbiter","EarthQuaker Devices","Grand Orbiter V3","https://www.google.com/search?tbm=isch&q=EarthQuaker%20Devices%20Grand%20Orbiter%20V3%20pedal"
"tc-helix-phaser","TC Electronic","Helix Phaser","https://www.google.com/search?tbm=isch&q=TC%20Electronic%20Helix%20Phaser%20pedal"
"tc-blood-moon","TC Electronic","Blood Moon Phaser","https://www.google.com/search?tbm=isch&q=TC%20Electronic%20Blood%20Moon%20Phaser%20pedal"
"source-audio-lunar","Source Audio","Lunar Phaser","https://www.google.com/search?tbm=isch&q=Source%20Audio%20Lunar%20Phaser%20pedal"
"pigtronix-quantum-time","Pigtronix","Quantum Time Modulator","https://www.google.com/search?tbm=isch&q=Pigtronix%20Quantum%20Time%20Modulator%20pedal"
"empress-phaser","Empress Effects","Phaser","https://www.google.com/search?tbm=isch&q=Empress%20Effects%20Phaser%20pedal"
"way-huge-aqua-puss-mk3","Way Huge","Ring Worm","https://www.google.com/search?tbm=isch&q=Way%20Huge%20Ring%20Worm%20pedal"
"boss-oc3","Boss","OC-3 Super Octave","https://www.google.com/search?tbm=isch&q=Boss%20OC-3%20Super%20Octave%20pedal"
"boss-oc5","Boss","OC-5 Octave","https://www.google.com/search?tbm=isch&q=Boss%20OC-5%20Octave%20pedal"
"ehx-pog2","Electro-Harmonix","POG2","https://www.google.com/search?tbm=isch&q=Electro-Harmonix%20POG2%20pedal"
"ehx-micro-pog","Electro-Harmonix","Micro POG","https://www.google.com/search?tbm=isch&q=Electro-Harmonix%20Micro%20POG%20pedal"
"ehx-nano-pog","Electro-Harmonix","Nano POG","https://www.google.com/search?tbm=isch&q=Electro-Harmonix%20Nano%20POG%20pedal"
"ehx-pitchfork","Electro-Harmonix","Pitch Fork","https://www.google.com/search?tbm=isch&q=Electro-Harmonix%20Pitch%20Fork%20pedal"
"ehx-pitchfork-plus","Electro-Harmonix","Pitch Fork+","https://www.google.com/search?tbm=isch&q=Electro-Harmonix%20Pitch%20Fork%2B%20pedal"
"tc-subnup","TC Electronic","Sub \","https://www.google.com/search?tbm=isch&q=TC%20Electronic%20Sub%20%5C%20pedal"
"tc-subnup-mini","TC Electronic","Sub \","https://www.google.com/search?tbm=isch&q=TC%20Electronic%20Sub%20%5C%20pedal"
"mxr-bass-octave-deluxe","MXR","Bass Octave Deluxe","https://www.google.com/search?tbm=isch&q=MXR%20Bass%20Octave%20Deluxe%20pedal"
"mooer-tender-octaver","Mooer","Tender Octaver Pro","https://www.google.com/search?tbm=isch&q=Mooer%20Tender%20Octaver%20Pro%20pedal"
"boss-ps6","Boss","PS-6 Harmonist","https://www.google.com/search?tbm=isch&q=Boss%20PS-6%20Harmonist%20pedal"
"eventide-pitchfactor","Eventide","PitchFactor","https://www.google.com/search?tbm=isch&q=Eventide%20PitchFactor%20pedal"
"digitech-ricochet","DigiTech","Ricochet","https://www.google.com/search?tbm=isch&q=DigiTech%20Ricochet%20pedal"
"digitech-whammy-dt","DigiTech","Whammy DT","https://www.google.com/search?tbm=isch&q=DigiTech%20Whammy%20DT%20pedal"
"boss-whammy-ricochet-clone","Morpheus","Bomber","https://www.google.com/search?tbm=isch&q=Morpheus%20Bomber%20pedal"
"meris-hedra","Meris","Hedra","https://www.google.com/search?tbm=isch&q=Meris%20Hedra%20pedal"
"earthquaker-rainbow-machine","EarthQuaker Devices","Rainbow Machine","https://www.google.com/search?tbm=isch&q=EarthQuaker%20Devices%20Rainbow%20Machine%20pedal"
"earthquaker-arpanoid","EarthQuaker Devices","Arpanoid","https://www.google.com/search?tbm=isch&q=EarthQuaker%20Devices%20Arpanoid%20pedal"
"earthquaker-organizer-v2","EarthQuaker Devices","Organizer V2","https://www.google.com/search?tbm=isch&q=EarthQuaker%20Devices%20Organizer%20V2%20pedal"
"walrus-luminary-v2","Walrus Audio","Luminary V2","https://www.google.com/search?tbm=isch&q=Walrus%20Audio%20Luminary%20V2%20pedal"
"mooer-pitchbox","Mooer","Pitch Box","https://www.google.com/search?tbm=isch&q=Mooer%20Pitch%20Box%20pedal"
"hotone-harmony","Hotone","Harmony","https://www.google.com/search?tbm=isch&q=Hotone%20Harmony%20pedal"
"joyo-ironman-acooustic","Joyo","Ironman JF-319 Green Legend","https://www.google.com/search?tbm=isch&q=Joyo%20Ironman%20JF-319%20Green%20Legend%20pedal"
"boss-ps3","Boss","PS-3 Pitch Shifter/Delay","https://www.google.com/search?tbm=isch&q=Boss%20PS-3%20Pitch%20Shifter%2FDelay%20pedal"
"boss-ps5","Boss","PS-5 Super Shifter","https://www.google.com/search?tbm=isch&q=Boss%20PS-5%20Super%20Shifter%20pedal"
"eventide-microshift","Eventide","MicroShift","https://www.google.com/search?tbm=isch&q=Eventide%20MicroShift%20pedal"
"soundblox-pitch","Source Audio","C4 Synth","https://www.google.com/search?tbm=isch&q=Source%20Audio%20C4%20Synth%20pedal"
"red-panda-tensor","Red Panda","Tensor","https://www.google.com/search?tbm=isch&q=Red%20Panda%20Tensor%20pedal"
"chase-bliss-mood","Chase Bliss","MOOD","https://www.google.com/search?tbm=isch&q=Chase%20Bliss%20MOOD%20pedal"
"hologram-microcosm","Hologram","Microcosm","https://www.google.com/search?tbm=isch&q=Hologram%20Microcosm%20pedal"
"gamechanger-plasma","Gamechanger Audio","Plasma Coil","https://www.google.com/search?tbm=isch&q=Gamechanger%20Audio%20Plasma%20Coil%20pedal"
"pigtronix-disnortion","Pigtronix","Disnortion","https://www.google.com/search?tbm=isch&q=Pigtronix%20Disnortion%20pedal"
"keeley-synth-1","Keeley","Synth-1","https://www.google.com/search?tbm=isch&q=Keeley%20Synth-1%20pedal"
"boss-sy1","Boss","SY-1 Synthesizer","https://www.google.com/search?tbm=isch&q=Boss%20SY-1%20Synthesizer%20pedal"
"boss-sy200","Boss","SY-200","https://www.google.com/search?tbm=isch&q=Boss%20SY-200%20pedal"
"strymon-bigsky","Strymon","BigSky","https://www.google.com/search?tbm=isch&q=Strymon%20BigSky%20pedal"
"boss-rv-500","Boss","RV-500","https://www.google.com/search?tbm=isch&q=Boss%20RV-500%20pedal"
"boss-rv6","Boss","RV-6","https://www.google.com/search?tbm=isch&q=Boss%20RV-6%20pedal"
"neunaber-wet","Neunaber","Wet Reverb","https://www.google.com/search?tbm=isch&q=Neunaber%20Wet%20Reverb%20pedal"
"tc-hof2","TC Electronic","Hall of Fame 2","https://www.google.com/search?tbm=isch&q=TC%20Electronic%20Hall%20of%20Fame%202%20pedal"
"tc-hof-mini","TC Electronic","Hall of Fame Mini","https://www.google.com/search?tbm=isch&q=TC%20Electronic%20Hall%20of%20Fame%20Mini%20pedal"
"earthquaker-afterneath-v3","EarthQuaker Devices","Afterneath V3","https://www.google.com/search?tbm=isch&q=EarthQuaker%20Devices%20Afterneath%20V3%20pedal"
"earthquaker-dispatch-master","EarthQuaker Devices","Dispatch Master V3","https://www.google.com/search?tbm=isch&q=EarthQuaker%20Devices%20Dispatch%20Master%20V3%20pedal"
"earthquaker-ghost-echo","EarthQuaker Devices","Ghost Echo","https://www.google.com/search?tbm=isch&q=EarthQuaker%20Devices%20Ghost%20Echo%20pedal"
"walrus-slotva","Walrus Audio","Slotvå","https://www.google.com/search?tbm=isch&q=Walrus%20Audio%20Slotv%C3%A5%20pedal"
"walrus-descent","Walrus Audio","Descent","https://www.google.com/search?tbm=isch&q=Walrus%20Audio%20Descent%20pedal"
"keeley-caverns-v2","Keeley","Caverns V2","https://www.google.com/search?tbm=isch&q=Keeley%20Caverns%20V2%20pedal"
"empress-reverb","Empress","Reverb","https://www.google.com/search?tbm=isch&q=Empress%20Reverb%20pedal"
"gfi-specular-tempus","GFI System","Specular Tempus","https://www.google.com/search?tbm=isch&q=GFI%20System%20Specular%20Tempus%20pedal"
"chase-bliss-cxm1978","Chase Bliss","CXM 1978","https://www.google.com/search?tbm=isch&q=Chase%20Bliss%20CXM%201978%20pedal"
"eventide-blackhole","Eventide","Blackhole","https://www.google.com/search?tbm=isch&q=Eventide%20Blackhole%20pedal"
"death-by-audio-rooms","Death By Audio","Rooms","https://www.google.com/search?tbm=isch&q=Death%20By%20Audio%20Rooms%20pedal"
"caroline-meteore","Caroline Guitar","Météore","https://www.google.com/search?tbm=isch&q=Caroline%20Guitar%20M%C3%A9t%C3%A9ore%20pedal"
"old-blood-dark-star-v2","Old Blood Noise","Dark Star V2","https://www.google.com/search?tbm=isch&q=Old%20Blood%20Noise%20Dark%20Star%20V2%20pedal"
"old-blood-procession","Old Blood Noise","Procession","https://www.google.com/search?tbm=isch&q=Old%20Blood%20Noise%20Procession%20pedal"
"mxr-m300","MXR","M300 Reverb","https://www.google.com/search?tbm=isch&q=MXR%20M300%20Reverb%20pedal"
"matthews-cosmonaut","Matthews Effects","Cosmonaut V2","https://www.google.com/search?tbm=isch&q=Matthews%20Effects%20Cosmonaut%20V2%20pedal"
"alexander-sky5000","Alexander","Sky 5000","https://www.google.com/search?tbm=isch&q=Alexander%20Sky%205000%20pedal"
"dr-scientist-reverberator","Dr. Scientist","Reverberator","https://www.google.com/search?tbm=isch&q=Dr.%20Scientist%20Reverberator%20pedal"
"cooper-fx-outward","Cooper FX","Outward V2","https://www.google.com/search?tbm=isch&q=Cooper%20FX%20Outward%20V2%20pedal"
"digitech-polara","DigiTech","Polara","https://www.google.com/search?tbm=isch&q=DigiTech%20Polara%20pedal"
"digitech-supernatural","DigiTech","Supernatural","https://www.google.com/search?tbm=isch&q=DigiTech%20Supernatural%20pedal"
"red-panda-context-v2","Red Panda","Context V2","https://www.google.com/search?tbm=isch&q=Red%20Panda%20Context%20V2%20pedal"
"crazy-tube-splash-v4","Crazy Tube Circuits","Splash Mk IV","https://www.google.com/search?tbm=isch&q=Crazy%20Tube%20Circuits%20Splash%20Mk%20IV%20pedal"
"hamstead-zenith","Hamstead","Zenith","https://www.google.com/search?tbm=isch&q=Hamstead%20Zenith%20pedal"
"pladask-tåken","Pladask Elektrisk","Tåken","https://www.google.com/search?tbm=isch&q=Pladask%20Elektrisk%20T%C3%A5ken%20pedal"
"hungry-robot-wardenclyffe","Hungry Robot","Wardenclyffe","https://www.google.com/search?tbm=isch&q=Hungry%20Robot%20Wardenclyffe%20pedal"
"jhs-3-series-reverb","JHS","3 Series Reverb","https://www.google.com/search?tbm=isch&q=JHS%203%20Series%20Reverb%20pedal"
"electro-harmonix-cathedral","Electro-Harmonix","Cathedral","https://www.google.com/search?tbm=isch&q=Electro-Harmonix%20Cathedral%20pedal"
"nativeaudio-ghost-ridge","NativeAudio","Ghost Ridge","https://www.google.com/search?tbm=isch&q=NativeAudio%20Ghost%20Ridge%20pedal"
"boss-waza-rv200","Boss","RV-200","https://www.google.com/search?tbm=isch&q=Boss%20RV-200%20pedal"
"boss-rv3","Boss","RV-3","https://www.google.com/search?tbm=isch&q=Boss%20RV-3%20pedal"
"boss-rv5","Boss","RV-5","https://www.google.com/search?tbm=isch&q=Boss%20RV-5%20pedal"
"line6-verbzilla","Line 6","Verbzilla","https://www.google.com/search?tbm=isch&q=Line%206%20Verbzilla%20pedal"
"ehx-nano-holy-grail","Electro-Harmonix","Nano Holy Grail","https://www.google.com/search?tbm=isch&q=Electro-Harmonix%20Nano%20Holy%20Grail%20pedal"
"tc-skysurfer","TC Electronic","Skysurfer","https://www.google.com/search?tbm=isch&q=TC%20Electronic%20Skysurfer%20pedal"
"tc-drip","TC Electronic","Drip Spring Reverb","https://www.google.com/search?tbm=isch&q=TC%20Electronic%20Drip%20Spring%20Reverb%20pedal"
"fender-marine-layer","Fender","Marine Layer Reverb","https://www.google.com/search?tbm=isch&q=Fender%20Marine%20Layer%20Reverb%20pedal"
"donner-verb-square","Donner","Verb Square","https://www.google.com/search?tbm=isch&q=Donner%20Verb%20Square%20pedal"
"mooer-leveline","Mooer","Leveline","https://www.google.com/search?tbm=isch&q=Mooer%20Leveline%20pedal"
"mooer-r7","Mooer","R7 Reverb","https://www.google.com/search?tbm=isch&q=Mooer%20R7%20Reverb%20pedal"
"zoom-ms70cdr","Zoom","MS-70CDR","https://www.google.com/search?tbm=isch&q=Zoom%20MS-70CDR%20pedal"
"flint-strymon","Strymon","Flint","https://www.google.com/search?tbm=isch&q=Strymon%20Flint%20pedal"
"keeley-omni-reverb","Keeley","Omni Reverb","https://www.google.com/search?tbm=isch&q=Keeley%20Omni%20Reverb%20pedal"
"source-audio-ventris","Source Audio","Ventris","https://www.google.com/search?tbm=isch&q=Source%20Audio%20Ventris%20pedal"
"strymon-nightsky","Strymon","NightSky","https://www.google.com/search?tbm=isch&q=Strymon%20NightSky%20pedal"
"free-the-tone-ambi-space","Free The Tone","Ambi Space","https://www.google.com/search?tbm=isch&q=Free%20The%20Tone%20Ambi%20Space%20pedal"
"alexander-space-race","Alexander","Space Race","https://www.google.com/search?tbm=isch&q=Alexander%20Space%20Race%20pedal"
"boss-rv2","Boss","RV-2","https://www.google.com/search?tbm=isch&q=Boss%20RV-2%20pedal"
"hardwire-rv7","DigiTech","Hardwire RV-7","https://www.google.com/search?tbm=isch&q=DigiTech%20Hardwire%20RV-7%20pedal"
"jhs-spring-tank","JHS","Spring Tank","https://www.google.com/search?tbm=isch&q=JHS%20Spring%20Tank%20pedal"
"foxpedal-defector","Foxpedal","Defector","https://www.google.com/search?tbm=isch&q=Foxpedal%20Defector%20pedal"
"anasounds-element","Anasounds","Element","https://www.google.com/search?tbm=isch&q=Anasounds%20Element%20pedal"
"ehx-r1","Electro-Harmonix","R1 Reverb","https://www.google.com/search?tbm=isch&q=Electro-Harmonix%20R1%20Reverb%20pedal"
"mosky-spring-reverb","Mosky","Spring Reverb","https://www.google.com/search?tbm=isch&q=Mosky%20Spring%20Reverb%20pedal"
"nux-atlantic","NUX","Atlantic","https://www.google.com/search?tbm=isch&q=NUX%20Atlantic%20pedal"
"valeton-coral-verb","Valeton","Coral Verb","https://www.google.com/search?tbm=isch&q=Valeton%20Coral%20Verb%20pedal"
"joyo-atmosphere","Joyo","Atmosphere","https://www.google.com/search?tbm=isch&q=Joyo%20Atmosphere%20pedal"
"caline-snakebite","Caline","Snakebite","https://www.google.com/search?tbm=isch&q=Caline%20Snakebite%20pedal"
"biyang-rv10","Biyang","RV-10","https://www.google.com/search?tbm=isch&q=Biyang%20RV-10%20pedal"
"xvive-golden-brownie","Xvive","Golden Brownie","https://www.google.com/search?tbm=isch&q=Xvive%20Golden%20Brownie%20pedal"
"akai-analogcustom-reverb","Akai","Analog Custom Shop Reverb","https://www.google.com/search?tbm=isch&q=Akai%20Analog%20Custom%20Shop%20Reverb%20pedal"
"hotone-verb","Hotone","Verb","https://www.google.com/search?tbm=isch&q=Hotone%20Verb%20pedal"
"one-control-purple-humper","One Control","Purple Humper","https://www.google.com/search?tbm=isch&q=One%20Control%20Purple%20Humper%20pedal"
"blackstar-lt-reverb","Blackstar","LT Reverb","https://www.google.com/search?tbm=isch&q=Blackstar%20LT%20Reverb%20pedal"
"dunlop-echoplex-delay","MXR","M169 Carbon Copy","https://www.google.com/search?tbm=isch&q=MXR%20M169%20Carbon%20Copy%20pedal"
"ehx-holy-grail-nano","Electro-Harmonix","Holy Grail Nano","https://www.google.com/search?tbm=isch&q=Electro-Harmonix%20Holy%20Grail%20Nano%20pedal"
"ehx-holy-grail-max","Electro-Harmonix","Holy Grail Max","https://www.google.com/search?tbm=isch&q=Electro-Harmonix%20Holy%20Grail%20Max%20pedal"
"ehx-oceans-11","Electro-Harmonix","Oceans 11","https://www.google.com/search?tbm=isch&q=Electro-Harmonix%20Oceans%2011%20pedal"
"ehx-oceans-12","Electro-Harmonix","Oceans 12","https://www.google.com/search?tbm=isch&q=Electro-Harmonix%20Oceans%2012%20pedal"
"catalinbread-topanga","Catalinbread","Topanga","https://www.google.com/search?tbm=isch&q=Catalinbread%20Topanga%20pedal"
"jrockett-boing","J. Rockett","Boing Spring Reverb","https://www.google.com/search?tbm=isch&q=J.%20Rockett%20Boing%20Spring%20Reverb%20pedal"
"fender-63-reverb-pedal","Fender","\","https://www.google.com/search?tbm=isch&q=Fender%20%5C%20pedal"
"wampler-reflection","Wampler","Reflection","https://www.google.com/search?tbm=isch&q=Wampler%20Reflection%20pedal"
"surfy-surfybear","Surfy Industries","SurfyBear Compact","https://www.google.com/search?tbm=isch&q=Surfy%20Industries%20SurfyBear%20Compact%20pedal"
"mr-black-spring","Mr. Black","Spring Eternal","https://www.google.com/search?tbm=isch&q=Mr.%20Black%20Spring%20Eternal%20pedal"
"source-audio-true-spring","Source Audio","True Spring","https://www.google.com/search?tbm=isch&q=Source%20Audio%20True%20Spring%20pedal"
"strymon-blusky","Strymon","blueSky","https://www.google.com/search?tbm=isch&q=Strymon%20blueSky%20pedal"
"gamechanger-light","Gamechanger Audio","Light Pedal","https://www.google.com/search?tbm=isch&q=Gamechanger%20Audio%20Light%20Pedal%20pedal"
"universal-audio-golden","Universal Audio","Golden Reverberator","https://www.google.com/search?tbm=isch&q=Universal%20Audio%20Golden%20Reverberator%20pedal"
"keeley-realizer","Keeley","Realizer Reverberator","https://www.google.com/search?tbm=isch&q=Keeley%20Realizer%20Reverberator%20pedal"
"boss-sy1-synth","Boss","SY-1","https://www.google.com/search?tbm=isch&q=Boss%20SY-1%20pedal"
"boss-sy200-synth","Boss","SY-200","https://www.google.com/search?tbm=isch&q=Boss%20SY-200%20pedal"
"ehx-synth9","Electro-Harmonix","Synth9","https://www.google.com/search?tbm=isch&q=Electro-Harmonix%20Synth9%20pedal"
"ehx-mel9","Electro-Harmonix","Mel9","https://www.google.com/search?tbm=isch&q=Electro-Harmonix%20Mel9%20pedal"
"ehx-key9","Electro-Harmonix","KEY9","https://www.google.com/search?tbm=isch&q=Electro-Harmonix%20KEY9%20pedal"
"ehx-b9","Electro-Harmonix","B9 Organ Machine","https://www.google.com/search?tbm=isch&q=Electro-Harmonix%20B9%20Organ%20Machine%20pedal"
"ehx-c9","Electro-Harmonix","C9 Organ Machine","https://www.google.com/search?tbm=isch&q=Electro-Harmonix%20C9%20Organ%20Machine%20pedal"
"source-audio-c4","Source Audio","C4 Synth","https://www.google.com/search?tbm=isch&q=Source%20Audio%20C4%20Synth%20pedal"
"keeley-synth-1-synth","Keeley","Synth-1","https://www.google.com/search?tbm=isch&q=Keeley%20Synth-1%20pedal"
"meris-enzo","Meris","Enzo","https://www.google.com/search?tbm=isch&q=Meris%20Enzo%20pedal"
"earthquaker-bit-commander","EarthQuaker Devices","Bit Commander","https://www.google.com/search?tbm=isch&q=EarthQuaker%20Devices%20Bit%20Commander%20pedal"
"earthquaker-data-corruptor","EarthQuaker Devices","Data Corruptor","https://www.google.com/search?tbm=isch&q=EarthQuaker%20Devices%20Data%20Corruptor%20pedal"
"ehx-freeze","Electro-Harmonix","Freeze","https://www.google.com/search?tbm=isch&q=Electro-Harmonix%20Freeze%20pedal"
"ehx-superego-plus","Electro-Harmonix","Superego+","https://www.google.com/search?tbm=isch&q=Electro-Harmonix%20Superego%2B%20pedal"
"gamechanger-plus","Gamechanger Audio","Plus Pedal","https://www.google.com/search?tbm=isch&q=Gamechanger%20Audio%20Plus%20Pedal%20pedal"
"boss-slicer","Boss","SL-20 Slicer","https://www.google.com/search?tbm=isch&q=Boss%20SL-20%20Slicer%20pedal"
"earthquaker-rainbow-machine-synth","EarthQuaker Devices","Rainbow Machine","https://www.google.com/search?tbm=isch&q=EarthQuaker%20Devices%20Rainbow%20Machine%20pedal"
"zvex-lo-fi-junky","Z.Vex","Lo-Fi Junky","https://www.google.com/search?tbm=isch&q=Z.Vex%20Lo-Fi%20Junky%20pedal"
"zvex-instant-lofi-junky","Z.Vex","Instant Lo-Fi Junky","https://www.google.com/search?tbm=isch&q=Z.Vex%20Instant%20Lo-Fi%20Junky%20pedal"
"cooper-genloss-synth","Cooper FX","Generation Loss MKII","https://www.google.com/search?tbm=isch&q=Cooper%20FX%20Generation%20Loss%20MKII%20pedal"
"caroline-somersault-synth","Caroline Guitar","Somersault","https://www.google.com/search?tbm=isch&q=Caroline%20Guitar%20Somersault%20pedal"
"fairfield-shallow-water","Fairfield Circuitry","Shallow Water","https://www.google.com/search?tbm=isch&q=Fairfield%20Circuitry%20Shallow%20Water%20pedal"
"hologram-microcosm-synth","Hologram","Microcosm","https://www.google.com/search?tbm=isch&q=Hologram%20Microcosm%20pedal"
"chase-bliss-blooper","Chase Bliss","Blooper","https://www.google.com/search?tbm=isch&q=Chase%20Bliss%20Blooper%20pedal"
"montreal-count-to-5","Montreal Assembly","Count to 5","https://www.google.com/search?tbm=isch&q=Montreal%20Assembly%20Count%20to%205%20pedal"
"boss-tu3","Boss","TU-3","https://www.google.com/search?tbm=isch&q=Boss%20TU-3%20pedal"
"boss-tu3w","Boss","TU-3W Waza","https://www.google.com/search?tbm=isch&q=Boss%20TU-3W%20Waza%20pedal"
"tc-polytune3","TC Electronic","PolyTune 3","https://www.google.com/search?tbm=isch&q=TC%20Electronic%20PolyTune%203%20pedal"
"tc-polytune3-mini","TC Electronic","PolyTune 3 Mini","https://www.google.com/search?tbm=isch&q=TC%20Electronic%20PolyTune%203%20Mini%20pedal"
"peterson-strobostomp-hd","Peterson","StroboStomp HD","https://www.google.com/search?tbm=isch&q=Peterson%20StroboStomp%20HD%20pedal"
"korg-pitchblack","Korg","Pitchblack Advance","https://www.google.com/search?tbm=isch&q=Korg%20Pitchblack%20Advance%20pedal"
"jhs-little-black-buffer","JHS","Little Black Buffer","https://www.google.com/search?tbm=isch&q=JHS%20Little%20Black%20Buffer%20pedal"
"empress-buffer-plus","Empress","Buffer+","https://www.google.com/search?tbm=isch&q=Empress%20Buffer%2B%20pedal"
"boss-es5","Boss","ES-5","https://www.google.com/search?tbm=isch&q=Boss%20ES-5%20pedal"
"boss-es8","Boss","ES-8","https://www.google.com/search?tbm=isch&q=Boss%20ES-8%20pedal"
"gig-rig-g2","TheGigRig","G2","https://www.google.com/search?tbm=isch&q=TheGigRig%20G2%20pedal"
"one-control-crocodile","One Control","Crocodile Tail Loop","https://www.google.com/search?tbm=isch&q=One%20Control%20Crocodile%20Tail%20Loop%20pedal"
"jhs-summing-amp","JHS","Summing Amp","https://www.google.com/search?tbm=isch&q=JHS%20Summing%20Amp%20pedal"
"saturnworks-ab","Saturnworks","Active A/B","https://www.google.com/search?tbm=isch&q=Saturnworks%20Active%20A%2FB%20pedal"
"lehle-d-loop","Lehle","D.Loop SGoS","https://www.google.com/search?tbm=isch&q=Lehle%20D.Loop%20SGoS%20pedal"
"radial-j48","Radial","J48","https://www.google.com/search?tbm=isch&q=Radial%20J48%20pedal"
"countryman-type85","Countryman","Type 85","https://www.google.com/search?tbm=isch&q=Countryman%20Type%2085%20pedal"
"klon-centaur-gold","Klon","Centaur (Gold)","https://www.google.com/search?tbm=isch&q=Klon%20Centaur%20(Gold)%20pedal"
"klon-centaur-silver","Klon","Centaur (Silver)","https://www.google.com/search?tbm=isch&q=Klon%20Centaur%20(Silver)%20pedal"
"dallas-arbiter-fuzz-face-germanium","Dallas Arbiter","Fuzz Face (Germanium)","https://www.google.com/search?tbm=isch&q=Dallas%20Arbiter%20Fuzz%20Face%20(Germanium)%20pedal"
"dallas-arbiter-fuzz-face-silicon","Dallas Arbiter","Fuzz Face (Silicon)","https://www.google.com/search?tbm=isch&q=Dallas%20Arbiter%20Fuzz%20Face%20(Silicon)%20pedal"
"ehx-big-muff-triangle","Electro-Harmonix","Big Muff Pi (Triangle)","https://www.google.com/search?tbm=isch&q=Electro-Harmonix%20Big%20Muff%20Pi%20(Triangle)%20pedal"
"ehx-big-muff-rams-head","Electro-Harmonix","Big Muff Pi (Ram\","https://www.google.com/search?tbm=isch&q=Electro-Harmonix%20Big%20Muff%20Pi%20(Ram%5C%20pedal"
"ehx-big-muff-civil-war","Electro-Harmonix","Big Muff Pi (Civil War)","https://www.google.com/search?tbm=isch&q=Electro-Harmonix%20Big%20Muff%20Pi%20(Civil%20War)%20pedal"
"ibanez-ts808-original","Ibanez","TS808 (Original 1979)","https://www.google.com/search?tbm=isch&q=Ibanez%20TS808%20(Original%201979)%20pedal"
"proco-rat-vintage","ProCo","RAT (Vintage 1980s)","https://www.google.com/search?tbm=isch&q=ProCo%20RAT%20(Vintage%201980s)%20pedal"
"boss-ce1-chorus-ensemble","Boss","CE-1 Chorus Ensemble","https://www.google.com/search?tbm=isch&q=Boss%20CE-1%20Chorus%20Ensemble%20pedal"
"boss-dm2-delay","Boss","DM-2 Delay","https://www.google.com/search?tbm=isch&q=Boss%20DM-2%20Delay%20pedal"
"boss-hm2-heavy-metal","Boss","HM-2 Heavy Metal","https://www.google.com/search?tbm=isch&q=Boss%20HM-2%20Heavy%20Metal%20pedal"
"boss-oc2-octave","Boss","OC-2 Octave","https://www.google.com/search?tbm=isch&q=Boss%20OC-2%20Octave%20pedal"
"mxr-script-phase-90","MXR","Phase 90 (Script Logo)","https://www.google.com/search?tbm=isch&q=MXR%20Phase%2090%20(Script%20Logo)%20pedal"
"mxr-script-dyna-comp","MXR","Dyna Comp (Script Logo)","https://www.google.com/search?tbm=isch&q=MXR%20Dyna%20Comp%20(Script%20Logo)%20pedal"
"mxr-distortion-plus-vintage","MXR","Distortion+ (Block Logo)","https://www.google.com/search?tbm=isch&q=MXR%20Distortion%2B%20(Block%20Logo)%20pedal"
"univox-super-fuzz","Univox","Super-Fuzz","https://www.google.com/search?tbm=isch&q=Univox%20Super-Fuzz%20pedal"
"shin-ei-fuzz-wah","Shin-ei","FY-6 Super Fuzz","https://www.google.com/search?tbm=isch&q=Shin-ei%20FY-6%20Super%20Fuzz%20pedal"
"sola-sound-tonebender-mk1","Sola Sound","Tone Bender MK1","https://www.google.com/search?tbm=isch&q=Sola%20Sound%20Tone%20Bender%20MK1%20pedal"
"sola-sound-tonebender-mk2","Sola Sound","Tone Bender MK2","https://www.google.com/search?tbm=isch&q=Sola%20Sound%20Tone%20Bender%20MK2%20pedal"
"colorsound-overdriver","Colorsound","Overdriver","https://www.google.com/search?tbm=isch&q=Colorsound%20Overdriver%20pedal"
"colorsound-power-boost","Colorsound","Power Boost","https://www.google.com/search?tbm=isch&q=Colorsound%20Power%20Boost%20pedal"
"boss-bf2-flanger","Boss","BF-2 Flanger","https://www.google.com/search?tbm=isch&q=Boss%20BF-2%20Flanger%20pedal"
"ehx-small-stone-v1","Electro-Harmonix","Small Stone (V1)","https://www.google.com/search?tbm=isch&q=Electro-Harmonix%20Small%20Stone%20(V1)%20pedal"
"ehx-electric-mistress-v1","Electro-Harmonix","Electric Mistress (Deluxe V1)","https://www.google.com/search?tbm=isch&q=Electro-Harmonix%20Electric%20Mistress%20(Deluxe%20V1)%20pedal"
"mutron-bi-phase","Mu-Tron","Bi-Phase","https://www.google.com/search?tbm=isch&q=Mu-Tron%20Bi-Phase%20pedal"
"mutron-iii","Mu-Tron","Mu-Tron III","https://www.google.com/search?tbm=isch&q=Mu-Tron%20Mu-Tron%20III%20pedal"
"roland-jet-phaser-ap7","Roland","AP-7 Jet Phaser","https://www.google.com/search?tbm=isch&q=Roland%20AP-7%20Jet%20Phaser%20pedal"
"univox-univibe","Univox","Uni-Vibe","https://www.google.com/search?tbm=isch&q=Univox%20Uni-Vibe%20pedal"
"echoplex-ep3","Echoplex","EP-3","https://www.google.com/search?tbm=isch&q=Echoplex%20EP-3%20pedal"
"roland-space-echo-re201","Roland","RE-201 Space Echo","https://www.google.com/search?tbm=isch&q=Roland%20RE-201%20Space%20Echo%20pedal"
"ibanez-ad9-analog-delay","Ibanez","AD9 Analog Delay","https://www.google.com/search?tbm=isch&q=Ibanez%20AD9%20Analog%20Delay%20pedal"
"electro-harmonix-memory-man-v1","Electro-Harmonix","Deluxe Memory Man (Original)","https://www.google.com/search?tbm=isch&q=Electro-Harmonix%20Deluxe%20Memory%20Man%20(Original)%20pedal"
"fender-reverb-tank-6g15","Fender","6G15 Reverb Unit","https://www.google.com/search?tbm=isch&q=Fender%206G15%20Reverb%20Unit%20pedal"
"ross-compressor","Ross","Compressor","https://www.google.com/search?tbm=isch&q=Ross%20Compressor%20pedal"
"orange-squeezer","Dan Armstrong","Orange Squeezer","https://www.google.com/search?tbm=isch&q=Dan%20Armstrong%20Orange%20Squeezer%20pedal"
"zvex-fuzz-factory-hand-painted","Z.Vex","Fuzz Factory (Hand-Painted)","https://www.google.com/search?tbm=isch&q=Z.Vex%20Fuzz%20Factory%20(Hand-Painted)%20pedal"
"fulltone-clyde-wah","Fulltone","Clyde Standard Wah","https://www.google.com/search?tbm=isch&q=Fulltone%20Clyde%20Standard%20Wah%20pedal"
"digitech-whammy-iv","DigiTech","Whammy IV","https://www.google.com/search?tbm=isch&q=DigiTech%20Whammy%20IV%20pedal"
"line6-dl4","Line 6","DL4 Delay Modeler","https://www.google.com/search?tbm=isch&q=Line%206%20DL4%20Delay%20Modeler%20pedal"
"line6-mm4","Line 6","MM4 Modulation Modeler","https://www.google.com/search?tbm=isch&q=Line%206%20MM4%20Modulation%20Modeler%20pedal"
"boss-ps3-pitch-shifter","Boss","PS-3 Pitch Shifter/Delay","https://www.google.com/search?tbm=isch&q=Boss%20PS-3%20Pitch%20Shifter%2FDelay%20pedal"
"boss-vb2-vibrato","Boss","VB-2 Vibrato","https://www.google.com/search?tbm=isch&q=Boss%20VB-2%20Vibrato%20pedal"
"boss-dd3-japan","Boss","DD-3 Digital Delay (MIJ)","https://www.google.com/search?tbm=isch&q=Boss%20DD-3%20Digital%20Delay%20(MIJ)%20pedal"
"dod-250-overdrive","DOD","250 Overdrive Preamp (Yellow)","https://www.google.com/search?tbm=isch&q=DOD%20250%20Overdrive%20Preamp%20(Yellow)%20pedal"
"dod-fx13-gonkulator","DOD","FX13 Gonkulator","https://www.google.com/search?tbm=isch&q=DOD%20FX13%20Gonkulator%20pedal"
"ampeg-scrambler","Ampeg","Scrambler","https://www.google.com/search?tbm=isch&q=Ampeg%20Scrambler%20pedal"
"lovetone-meatball","Lovetone","Meatball","https://www.google.com/search?tbm=isch&q=Lovetone%20Meatball%20pedal"
"lovetone-doppelganger","Lovetone","Doppelganger","https://www.google.com/search?tbm=isch&q=Lovetone%20Doppelganger%20pedal"
"crowther-hotcake","Crowther Audio","Hotcake","https://www.google.com/search?tbm=isch&q=Crowther%20Audio%20Hotcake%20pedal"
"ernie-ball-vp-jr","Ernie Ball","VP Jr 250K","https://www.google.com/search?tbm=isch&q=Ernie%20Ball%20VP%20Jr%20250K%20pedal"
"ernie-ball-vp-jr-25k","Ernie Ball","VP Jr 25K","https://www.google.com/search?tbm=isch&q=Ernie%20Ball%20VP%20Jr%2025K%20pedal"
"ernie-ball-mvp","Ernie Ball","MVP Most Valuable Pedal","https://www.google.com/search?tbm=isch&q=Ernie%20Ball%20MVP%20Most%20Valuable%20Pedal%20pedal"
"dunlop-dvp4","Dunlop","DVP4 Mini Volume","https://www.google.com/search?tbm=isch&q=Dunlop%20DVP4%20Mini%20Volume%20pedal"
"boss-fv500h","Boss","FV-500H","https://www.google.com/search?tbm=isch&q=Boss%20FV-500H%20pedal"
"boss-fv500l","Boss","FV-500L","https://www.google.com/search?tbm=isch&q=Boss%20FV-500L%20pedal"
"boss-fv30h","Boss","FV-30H","https://www.google.com/search?tbm=isch&q=Boss%20FV-30H%20pedal"
"morley-pvo","Morley","PVO Pro Series Volume","https://www.google.com/search?tbm=isch&q=Morley%20PVO%20Pro%20Series%20Volume%20pedal"
"morley-volume-plus","Morley","Volume Plus","https://www.google.com/search?tbm=isch&q=Morley%20Volume%20Plus%20pedal"
"moog-ep3","Moog","EP-3","https://www.google.com/search?tbm=isch&q=Moog%20EP-3%20pedal"
"boss-ev30","Boss","EV-30","https://www.google.com/search?tbm=isch&q=Boss%20EV-30%20pedal"
"mission-exp","Mission Engineering","EP-1","https://www.google.com/search?tbm=isch&q=Mission%20Engineering%20EP-1%20pedal"
"dunlop-dvp3","Dunlop","DVP3 Volume (X)","https://www.google.com/search?tbm=isch&q=Dunlop%20DVP3%20Volume%20(X)%20pedal"
"source-audio-dual-exp","Source Audio","Dual Expression","https://www.google.com/search?tbm=isch&q=Source%20Audio%20Dual%20Expression%20pedal"
"hotone-volume-exp","Hotone","Soul Press II","https://www.google.com/search?tbm=isch&q=Hotone%20Soul%20Press%20II%20pedal"
"xotic-xvp-250k","Xotic","XVP-250K","https://www.google.com/search?tbm=isch&q=Xotic%20XVP-250K%20pedal"
"lehle-mono-volume","Lehle","Mono Volume","https://www.google.com/search?tbm=isch&q=Lehle%20Mono%20Volume%20pedal"